time,open,high,low,close,tick_volume,spread,real_volume
2020-12-03,1830.2,1843.95,1823.73,1840.89,268899,5,0
2020-12-04,1840.0,1848.21,1829.16,1838.58,304135,5,0
2020-12-07,1836.85,1868.59,1821.96,1862.17,299631,5,0
2020-12-08,1861.59,1875.27,1860.27,1870.22,293397,5,0
2020-12-09,1870.59,1870.59,1825.47,1839.85,419308,5,0
2020-12-10,1839.28,1850.11,1828.72,1836.62,363205,5,0
2020-12-11,1836.07,1847.69,1824.0,1839.74,284592,5,0
2020-12-14,1840.69,1841.22,1819.05,1826.97,338530,5,0
2020-12-15,1826.94,1855.38,1825.48,1853.24,310084,5,0
2020-12-16,1853.61,1865.73,1844.78,1864.52,441897,5,0
2020-12-17,1863.9,1896.27,1861.97,1885.39,353129,5,0
2020-12-18,1885.36,1889.66,1877.45,1880.61,246359,5,0
2020-12-21,1881.66,1906.74,1854.98,1876.47,396545,5,0
2020-12-22,1875.9,1884.26,1858.91,1859.91,310745,5,0
2020-12-23,1859.67,1878.53,1856.98,1873.13,666298,5,0
2020-12-24,1872.23,1883.58,1869.49,1878.56,382847,5,0
2020-12-28,1882.38,1900.21,1869.05,1873.43,379578,5,0
2020-12-29,1872.84,1886.44,1871.69,1878.24,478153,5,0
2020-12-30,1877.3,1894.5,1876.04,1894.44,477507,5,0
2020-12-31,1894.07,1900.98,1885.4,1898.19,450534,5,0
2021-01-04,1897.88,1944.42,1897.88,1942.75,254170,5,0
2021-01-05,1940.99,1953.03,1934.25,1949.8,212680,5,0
2021-01-06,1948.44,1959.35,1900.8,1918.77,338743,5,0
2021-01-07,1918.71,1927.64,1906.78,1913.53,265264,5,0
2021-01-08,1914.29,1917.48,1828.18,1849.03,384900,0,0
2021-01-11,1848.06,1856.61,1817.03,1843.36,324603,5,0
2021-01-12,1844.63,1863.79,1836.45,1854.54,261793,5,0
2021-01-13,1854.85,1863.17,1841.85,1844.93,193146,5,0
2021-01-14,1845.58,1857.53,1828.42,1846.09,236539,0,0
2021-01-15,1845.35,1856.97,1823.39,1827.65,219379,5,0
2021-01-18,1828.3,1840.76,1802.22,1837.52,186425,5,0
2021-01-19,1837.52,1845.52,1833.03,1840.0,172680,5,0
2021-01-20,1839.65,1871.72,1832.44,1871.38,249749,5,0
2021-01-21,1870.14,1875.1,1858.31,1869.59,240226,5,0
2021-01-22,1869.06,1870.78,1837.31,1854.71,271955,5,0
2021-01-25,1856.33,1867.88,1847.1,1855.91,269164,5,0
2021-01-26,1855.31,1861.7,1848.43,1850.64,196933,5,0
2021-01-27,1850.38,1853.18,1831.22,1844.08,360695,5,0
2021-01-28,1844.56,1864.09,1833.93,1842.47,487011,5,0
2021-01-29,1841.82,1875.64,1839.53,1847.51,592794,5,0
2021-02-01,1864.87,1871.81,1848.96,1860.55,621706,0,0
2021-02-02,1860.1,1864.07,1829.44,1837.93,518104,5,0
2021-02-03,1837.43,1844.95,1829.59,1834.02,359769,5,0
2021-02-04,1832.99,1834.72,1784.85,1793.79,444586,5,0
2021-02-05,1793.88,1815.16,1791.99,1813.4,346013,5,0
2021-02-08,1814.82,1839.13,1807.7,1830.5,346038,5,0
2021-02-09,1836.48,1848.58,1828.82,1838.41,321129,5,0
2021-02-10,1837.37,1855.37,1834.02,1843.2,324702,5,0
2021-02-11,1842.37,1847.55,1821.09,1825.46,322823,5,0
2021-02-12,1824.55,1830.7,1810.4,1824.03,283405,5,0
2021-02-15,1824.45,1827.01,1815.98,1818.71,147325,5,0
2021-02-16,1818.86,1826.51,1789.4,1794.31,418927,5,0
2021-02-17,1793.31,1795.12,1769.45,1776.16,459009,5,0
2021-02-18,1776.29,1789.67,1768.38,1775.77,467982,5,0
2021-02-19,1775.83,1791.66,1760.57,1783.02,517878,5,0
2021-02-22,1782.16,1812.65,1780.52,1809.65,510281,5,0
2021-02-23,1809.29,1816.06,1795.58,1805.5,481279,5,0
2021-02-24,1804.83,1813.81,1783.54,1804.8,526512,5,0
2021-02-25,1805.05,1805.27,1765.36,1769.99,816494,5,0
2021-02-26,1771.2,1775.82,1717.19,1733.88,871221,5,0
2021-03-01,1733.21,1759.94,1719.65,1724.53,510032,5,0
2021-03-02,1724.78,1739.18,1707.24,1738.18,529132,5,0
2021-03-03,1737.67,1740.58,1701.93,1710.85,466685,5,0
2021-03-04,1710.81,1723.21,1690.43,1697.69,554350,5,0
2021-03-05,1697.28,1707.7,1687.14,1700.77,512958,5,0
2021-03-08,1701.95,1714.31,1676.8,1683.41,439917,5,0
2021-03-09,1683.51,1720.64,1680.06,1715.74,368670,5,0
2021-03-10,1715.73,1726.79,1708.17,1726.65,332204,5,0
2021-03-11,1726.2,1739.88,1719.21,1722.51,329821,5,0
2021-03-12,1721.7,1727.94,1699.17,1726.77,367089,5,0
2021-03-15,1729.02,1734.58,1721.66,1731.67,304731,5,0
2021-03-16,1732.0,1741.25,1726.12,1731.51,289022,5,0
2021-03-17,1731.39,1751.67,1724.06,1745.15,346049,5,0
2021-03-18,1744.12,1755.54,1719.17,1736.41,448663,5,0
2021-03-19,1734.5,1746.7,1728.48,1745.09,361480,5,0
2021-03-22,1745.79,1746.91,1727.36,1738.84,150196,5,0
2021-03-23,1738.7,1742.6,1724.68,1726.96,147565,5,0
2021-03-24,1726.64,1738.48,1723.89,1734.12,134712,5,0
2021-03-25,1733.67,1745.51,1721.71,1726.53,156002,5,0
2021-03-26,1726.77,1736.73,1721.61,1732.68,123862,5,0
2021-03-29,1731.5,1733.05,1705.75,1711.84,125524,5,0
2021-03-30,1711.53,1714.36,1678.74,1684.85,160790,5,0
2021-03-31,1684.68,1715.29,1677.87,1707.31,154985,5,0
2021-04-01,1707.41,1730.48,1705.77,1729.67,143700,5,0
2021-04-05,1726.92,1733.55,1721.25,1728.21,112759,5,0
2021-04-06,1728.37,1745.48,1727.18,1743.37,146035,5,0
2021-04-07,1742.19,1744.35,1730.6,1737.55,142584,5,0
2021-04-08,1736.83,1758.67,1733.11,1755.4,145943,5,0
2021-04-09,1754.71,1757.28,1731.14,1743.38,158488,5,0
2021-04-12,1743.49,1745.06,1727.34,1732.76,154676,5,0
2021-04-13,1731.67,1748.91,1723.72,1745.25,166307,5,0
2021-04-14,1744.74,1749.36,1732.56,1736.29,157219,5,0
2021-04-15,1736.1,1769.62,1734.34,1763.51,162066,5,0
2021-04-16,1763.67,1783.85,1759.77,1776.72,164750,5,0
2021-04-19,1777.3,1790.06,1766.7,1771.4,183441,5,0
2021-04-20,1769.95,1780.36,1763.65,1778.68,174691,5,0
2021-04-21,1778.66,1797.63,1776.2,1793.61,140833,5,0
2021-04-22,1793.69,1797.84,1777.38,1783.98,148136,5,0
2021-04-23,1783.61,1795.86,1769.95,1776.4,141316,5,0
2021-04-26,1775.36,1783.51,1768.75,1781.24,140207,5,0
2021-04-27,1780.36,1785.51,1773.68,1776.52,135277,5,0
2021-04-28,1775.63,1782.5,1762.61,1781.58,149484,5,0
2021-04-29,1780.83,1789.94,1756.02,1771.87,148491,5,0
2021-04-30,1771.83,1773.65,1764.18,1768.89,148122,5,0
2021-05-03,1768.16,1797.87,1766.04,1792.89,121224,5,0
2021-05-04,1792.26,1799.06,1770.72,1778.72,144952,5,0
2021-05-05,1777.98,1787.95,1770.32,1786.77,126051,5,0
2021-05-06,1786.37,1818.11,1781.96,1814.87,148024,5,0
2021-05-07,1814.05,1843.32,1812.89,1830.84,161175,5,0
2021-05-10,1832.41,1845.38,1829.96,1835.64,161847,5,0
2021-05-11,1835.66,1841.79,1817.97,1837.35,174400,5,0
2021-05-12,1836.79,1843.66,1813.22,1815.42,196731,5,0
2021-05-13,1814.99,1828.73,1808.72,1826.41,189662,5,0
2021-05-14,1825.64,1845.99,1819.75,1842.53,152957,5,0
2021-05-17,1842.37,1868.45,1842.1,1866.76,149199,5,0
2021-05-18,1865.64,1875.01,1863.21,1869.47,138545,5,0
2021-05-19,1868.73,1890.04,1852.15,1869.28,193764,5,0
2021-05-20,1870.09,1883.9,1863.8,1876.99,166157,5,0
2021-05-21,1876.96,1889.36,1870.09,1881.71,143234,5,0
2021-05-24,1882.02,1887.06,1875.24,1880.72,131599,5,0
2021-05-25,1880.0,1900.24,1872.67,1899.08,149113,5,0
2021-05-26,1898.73,1912.71,1890.64,1896.59,153307,5,0
2021-05-27,1896.05,1903.7,1888.17,1896.43,152681,5,0
2021-05-28,1896.23,1905.95,1882.25,1903.16,149554,5,0
2021-05-31,1902.89,1910.62,1902.04,1906.62,72887,5,0
2021-06-01,1906.44,1916.54,1892.38,1900.31,140607,5,0
2021-06-02,1899.66,1909.07,1894.31,1908.16,129162,5,0
2021-06-03,1907.53,1909.63,1865.29,1870.45,157704,5,0
2021-06-04,1871.01,1896.18,1855.55,1891.49,125197,5,0
2021-06-07,1890.22,1900.09,1881.47,1898.96,117263,5,0
2021-06-08,1898.16,1903.68,1883.72,1892.8,114463,5,0
2021-06-09,1891.39,1898.96,1887.26,1888.44,104481,5,0
2021-06-10,1888.14,1899.92,1869.78,1898.38,136011,5,0
2021-06-11,1897.87,1902.94,1874.38,1876.17,112015,5,0
2021-06-14,1876.89,1877.59,1844.77,1866.01,115449,5,0
2021-06-15,1865.43,1869.15,1851.56,1858.63,125238,5,0
2021-06-16,1858.94,1863.2,1803.49,1811.84,145865,5,0
2021-06-17,1811.03,1825.28,1767.25,1773.08,234092,5,0
2021-06-18,1772.39,1797.16,1760.92,1764.51,190512,5,0
2021-06-21,1763.58,1786.5,1763.52,1782.91,186765,5,0
2021-06-22,1780.26,1790.07,1772.3,1778.74,159090,5,0
2021-06-23,1778.57,1794.93,1773.16,1778.89,150036,5,0
2021-06-24,1778.39,1788.01,1772.9,1774.86,143778,5,0
2021-06-25,1775.21,1790.33,1773.68,1781.11,132671,5,0
2021-06-28,1780.41,1785.72,1770.61,1778.01,141606,5,0
2021-06-29,1777.44,1778.96,1750.58,1761.05,148511,5,0
2021-06-30,1761.65,1774.35,1753.33,1770.32,143709,5,0
2021-07-01,1769.31,1782.85,1765.59,1776.55,142723,5,0
2021-07-02,1776.7,1795.05,1774.27,1787.51,131734,5,0
2021-07-05,1786.21,1794.52,1784.44,1790.9,58221,5,0
2021-07-06,1790.58,1814.97,1790.06,1797.09,142722,0,0
2021-07-07,1796.28,1809.78,1793.86,1803.6,132851,5,0
2021-07-08,1802.79,1818.34,1794.5,1802.3,160591,5,0
2021-07-09,1802.26,1812.36,1796.64,1807.91,131930,5,0
2021-07-12,1807.1,1810.83,1791.55,1806.06,116204,5,0
2021-07-13,1805.92,1817.24,1798.65,1807.55,120410,5,0
2021-07-14,1806.88,1829.85,1804.46,1827.23,122064,5,0
2021-07-15,1826.98,1834.15,1820.24,1829.45,137709,5,0
2021-07-16,1829.57,1831.98,1809.01,1811.47,138049,5,0
2021-07-19,1810.61,1817.25,1794.97,1812.7,134034,5,0
2021-07-20,1812.61,1824.98,1805.05,1810.28,121024,5,0
2021-07-21,1809.59,1813.69,1794.66,1803.36,111162,5,0
2021-07-22,1803.45,1808.02,1792.76,1806.56,108659,5,0
2021-07-23,1807.06,1810.34,1789.65,1801.91,90112,5,0
2021-07-26,1801.77,1811.5,1796.37,1797.42,103709,5,0
2021-07-27,1797.23,1805.24,1793.55,1798.86,100878,5,0
2021-07-28,1797.85,1809.79,1792.56,1806.9,109128,5,0
2021-07-29,1806.53,1832.73,1806.36,1827.93,99236,5,0
2021-07-30,1827.34,1831.35,1810.22,1814.12,85425,5,0
2021-08-02,1813.33,1819.52,1805.72,1813.47,89610,5,0
2021-08-03,1812.69,1815.02,1807.06,1810.26,88950,5,0
2021-08-04,1809.79,1831.71,1806.4,1811.79,91035,5,0
2021-08-05,1811.75,1814.82,1797.77,1803.93,84452,5,0
2021-08-06,1804.19,1804.73,1758.64,1763.21,111237,5,0
2021-08-09,1762.86,1764.36,1682.09,1729.45,132025,0,0
2021-08-10,1729.34,1738.27,1717.66,1729.12,101105,5,0
2021-08-11,1728.92,1754.44,1724.03,1751.5,114377,5,0
2021-08-12,1750.29,1758.15,1741.57,1752.59,106884,5,0
2021-08-13,1752.41,1779.98,1751.65,1779.76,101189,5,0
2021-08-16,1777.76,1789.27,1770.81,1787.06,111244,5,0
2021-08-17,1787.16,1795.58,1780.55,1785.87,96689,5,0
2021-08-18,1785.67,1793.75,1777.27,1787.44,102412,5,0
2021-08-19,1787.15,1792.43,1774.44,1779.84,130412,5,0
2021-08-20,1780.1,1788.37,1778.3,1780.99,86334,5,0
2021-08-23,1780.4,1806.34,1776.42,1805.4,87452,5,0
2021-08-24,1805.03,1809.56,1800.7,1802.96,95595,5,0
2021-08-25,1802.66,1802.91,1782.49,1790.43,88620,5,0
2021-08-26,1790.64,1798.2,1780.05,1791.93,112319,5,0
2021-08-27,1792.49,1819.28,1783.97,1817.83,113376,5,0
2021-08-30,1817.25,1823.24,1807.72,1810.23,87976,5,0
2021-08-31,1809.31,1819.11,1801.6,1813.66,123662,5,0
2021-09-01,1813.53,1820.0,1808.66,1814.11,113596,5,0
2021-09-02,1813.58,1817.14,1804.81,1809.48,94068,5,0
2021-09-03,1808.66,1833.95,1808.66,1827.62,122298,5,0
2021-09-06,1828.21,1830.19,1821.36,1823.2,51518,5,0
2021-09-07,1822.94,1827.24,1792.37,1794.22,117322,5,0
2021-09-08,1794.04,1802.23,1782.36,1789.27,110166,5,0
2021-09-09,1788.53,1801.03,1783.77,1794.15,124452,5,0
2021-09-10,1793.25,1803.88,1787.17,1787.81,115982,5,0
2021-09-13,1787.14,1798.37,1783.68,1793.35,113071,5,0
2021-09-14,1792.9,1808.63,1780.33,1804.51,112316,5,0
2021-09-15,1803.6,1806.9,1790.67,1793.59,109949,5,0
2021-09-16,1793.92,1796.19,1745.26,1753.38,132556,5,0
2021-09-17,1752.93,1767.51,1747.33,1753.94,96765,5,0
2021-09-20,1753.16,1767.1,1742.11,1764.16,104243,5,0
2021-09-21,1763.94,1781.79,1757.94,1774.25,106328,5,0
2021-09-22,1774.4,1787.26,1764.67,1767.95,154177,5,0
2021-09-23,1767.84,1776.58,1737.88,1742.34,156445,5,0
2021-09-24,1742.64,1757.62,1740.44,1749.76,131001,5,0
2021-09-27,1748.79,1760.85,1744.82,1750.11,128426,5,0
2021-09-28,1749.76,1754.44,1728.12,1733.86,154768,5,0
2021-09-29,1733.09,1745.54,1721.63,1726.41,144502,5,0
2021-09-30,1725.66,1764.16,1722.2,1756.96,134260,5,0
2021-10-01,1756.16,1764.29,1749.71,1760.15,147541,5,0
2021-10-04,1760.73,1770.52,1747.69,1769.25,141573,5,0
2021-10-05,1769.55,1769.89,1748.63,1759.83,137514,5,0
2021-10-06,1759.37,1765.13,1745.87,1762.59,134720,5,0
2021-10-07,1762.5,1766.96,1751.92,1755.12,121248,5,0
2021-10-08,1756.06,1781.32,1753.33,1757.09,119035,5,0
2021-10-11,1756.82,1760.98,1750.11,1754.22,112785,5,0
2021-10-12,1753.47,1769.34,1750.76,1760.0,120257,5,0
2021-10-13,1759.83,1796.18,1757.88,1792.98,122466,5,0
2021-10-14,1792.44,1800.56,1786.67,1795.89,90769,5,0
2021-10-15,1795.49,1796.48,1764.82,1767.4,107818,5,0
2021-10-18,1767.07,1772.09,1760.3,1764.68,130344,5,0
2021-10-19,1762.91,1785.1,1762.89,1769.42,90889,5,0
2021-10-20,1768.75,1788.4,1766.84,1781.91,116680,5,0
2021-10-21,1781.35,1789.49,1776.47,1782.87,134759,5,0
2021-10-22,1782.37,1813.78,1782.31,1792.63,136596,5,0
2021-10-25,1792.01,1810.05,1791.51,1807.57,118951,5,0
2021-10-26,1805.76,1808.31,1782.4,1792.75,104034,5,0
2021-10-27,1792.47,1799.08,1783.45,1796.88,117910,5,0
2021-10-28,1795.81,1810.42,1792.28,1798.72,144806,5,0
2021-10-29,1798.62,1801.15,1771.92,1782.95,149502,5,0
2021-11-01,1783.05,1795.79,1779.05,1793.1,93411,5,0
2021-11-02,1792.55,1796.39,1786.35,1787.89,105888,5,0
2021-11-03,1787.0,1788.2,1758.8,1769.58,130783,5,0
2021-11-04,1767.37,1798.94,1767.37,1791.57,94808,5,0
2021-11-05,1790.53,1818.27,1785.04,1817.85,125463,5,0
2021-11-08,1817.42,1826.42,1812.43,1824.21,102990,5,0
2021-11-09,1824.0,1832.73,1819.16,1831.79,108240,5,0
2021-11-10,1832.03,1868.61,1822.35,1849.18,165661,5,0
2021-11-11,1848.58,1866.04,1842.88,1861.85,133058,5,0
2021-11-12,1861.12,1868.74,1845.24,1864.36,143727,5,0
2021-11-15,1865.66,1870.58,1856.37,1862.71,139480,5,0
2021-11-16,1861.64,1877.1,1849.62,1850.46,161497,5,0
2021-11-17,1849.09,1868.12,1849.09,1867.27,139677,5,0
2021-11-18,1866.15,1870.92,1855.06,1858.85,135370,5,0
2021-11-19,1858.36,1865.78,1842.99,1845.54,160997,5,0
2021-11-22,1844.75,1849.1,1802.2,1804.76,176994,5,0
2021-11-23,1804.19,1812.4,1781.95,1788.98,162582,5,0
2021-11-24,1788.45,1796.37,1778.53,1788.44,147315,5,0
2021-11-25,1788.47,1795.05,1786.01,1788.6,62894,5,0
2021-11-26,1788.72,1815.55,1780.44,1791.23,164124,5,0
2021-11-29,1785.85,1799.4,1779.04,1784.56,153984,5,0
2021-11-30,1783.28,1808.72,1769.85,1774.82,200875,5,0
2021-12-01,1773.72,1794.57,1772.15,1781.78,162346,5,0
2021-12-02,1781.24,1783.38,1761.81,1768.16,137442,5,0
2021-12-03,1766.16,1786.14,1766.08,1783.82,166642,5,0
2021-12-06,1784.04,1787.77,1775.69,1778.31,125089,5,0
2021-12-07,1776.86,1787.82,1772.18,1784.02,114184,5,0
2021-12-08,1782.92,1793.1,1779.6,1782.91,115588,5,0
2021-12-09,1782.83,1787.6,1773.23,1775.06,115986,5,0
2021-12-10,1775.54,1789.53,1770.1,1782.83,100793,5,0
2021-12-13,1782.37,1791.57,1780.6,1786.54,89150,5,0
2021-12-14,1784.93,1789.53,1766.41,1770.51,80043,5,0
2021-12-15,1769.89,1780.89,1752.93,1777.03,130220,5,0
2021-12-16,1774.74,1799.63,1774.74,1799.14,121580,5,0
2021-12-17,1798.51,1814.22,1795.82,1798.0,109114,5,0
2021-12-20,1799.33,1804.15,1788.28,1790.84,106311,5,0
2021-12-21,1790.64,1800.44,1784.85,1788.84,85377,5,0
2021-12-22,1788.81,1805.02,1785.84,1803.5,77267,5,0
2021-12-23,1803.35,1810.69,1798.83,1808.41,71832,5,0
2021-12-27,1806.62,1813.48,1802.97,1811.85,58161,5,0
2021-12-28,1810.97,1820.23,1804.99,1806.06,63992,5,0
2021-12-29,1805.32,1807.66,1789.42,1804.33,85260,5,0
2021-12-30,1804.02,1817.18,1796.16,1814.53,77912,5,0
2021-12-31,1815.57,1830.39,1814.15,1828.68,73994,5,0
2022-01-03,1828.4,1831.74,1798.32,1801.17,90188,5,0
2022-01-04,1800.71,1816.69,1798.52,1814.46,110026,5,0
2022-01-05,1814.5,1829.62,1808.25,1810.3,115056,5,0
2022-01-06,1810.13,1811.48,1786.34,1790.83,139599,5,0
2022-01-07,1789.81,1798.66,1782.63,1796.33,113971,5,0
2022-01-10,1795.05,1802.32,1790.36,1801.68,114886,5,0
2022-01-11,1800.29,1823.27,1800.09,1821.43,110024,5,0
2022-01-12,1821.07,1828.05,1814.68,1826.07,112132,5,0
2022-01-13,1824.25,1828.14,1812.31,1822.53,112514,5,0
2022-01-14,1821.1,1829.13,1814.64,1817.51,115470,5,0
2022-01-17,1817.2,1823.2,1813.1,1818.91,49781,5,0
2022-01-18,1817.97,1822.75,1805.76,1813.62,145438,5,0
2022-01-19,1811.28,1843.4,1810.23,1840.42,143501,5,0
2022-01-20,1838.74,1847.93,1835.91,1839.5,131956,5,0
2022-01-21,1839.81,1843.19,1828.48,1834.39,142432,5,0
2022-01-24,1833.3,1844.34,1829.68,1843.0,143864,5,0
2022-01-25,1841.35,1853.82,1834.85,1848.0,133363,5,0
2022-01-26,1846.03,1850.06,1814.89,1819.4,133578,5,0
2022-01-27,1819.75,1822.12,1791.78,1797.06,153051,5,0
2022-01-28,1795.6,1799.41,1780.27,1791.55,135386,5,0
2022-01-31,1790.37,1799.91,1785.57,1797.29,116252,5,0
2022-02-01,1796.83,1808.77,1795.74,1801.05,118546,5,0
2022-02-02,1800.34,1810.77,1794.42,1806.81,108163,5,0
2022-02-03,1805.06,1808.98,1788.62,1804.8,129031,5,0
2022-02-04,1803.07,1814.9,1792.16,1807.86,131644,5,0
2022-02-07,1806.63,1823.56,1806.63,1820.43,127406,5,0
2022-02-08,1818.66,1828.8,1815.43,1825.95,101410,5,0
2022-02-09,1824.48,1835.83,1824.48,1832.83,99688,5,0
2022-02-10,1830.99,1841.93,1821.59,1826.63,146972,5,0
2022-02-11,1824.24,1865.35,1820.85,1859.01,177075,5,0
2022-02-14,1858.63,1874.16,1850.8,1871.28,175311,5,0
2022-02-15,1871.31,1879.49,1844.5,1853.47,141594,5,0
2022-02-16,1851.99,1872.57,1850.29,1869.46,122735,5,0
2022-02-17,1868.6,1901.14,1867.8,1898.32,158354,5,0
2022-02-18,1897.54,1902.45,1886.58,1897.29,133221,5,0
2022-02-21,1900.08,1908.22,1887.61,1903.85,92521,5,0
2022-02-22,1909.0,1914.03,1891.37,1898.44,178858,5,0
2022-02-23,1896.73,1910.51,1889.6,1909.07,114370,5,0
2022-02-24,1908.17,1974.36,1878.02,1903.94,258846,5,0
2022-02-25,1902.54,1921.52,1883.04,1888.3,177702,5,0
2022-02-28,1918.4,1928.44,1890.91,1908.69,195425,5,0
2022-03-01,1907.83,1950.2,1901.37,1944.99,193096,5,0
2022-03-02,1941.62,1947.91,1913.88,1928.56,183112,5,0
2022-03-03,1928.56,1941.28,1922.04,1936.24,150884,5,0
2022-03-04,1935.66,1970.23,1929.67,1969.93,197444,5,0
2022-03-07,1977.51,2002.55,1961.02,1997.57,242738,5,0
2022-03-08,1995.93,2070.47,1981.0,2049.79,262234,5,0
2022-03-09,2050.09,2059.2,1976.12,1991.8,234593,5,0
2022-03-10,1990.32,2009.14,1970.68,1996.71,189953,5,0
2022-03-11,1995.99,1999.0,1958.67,1985.35,141246,5,0
2022-03-14,1988.08,1988.86,1949.73,1950.58,136182,5,0
2022-03-15,1951.48,1954.61,1907.04,1917.7,143005,5,0
2022-03-16,1918.0,1929.53,1895.05,1926.17,136609,5,0
2022-03-17,1927.28,1949.76,1923.23,1942.47,125300,5,0
2022-03-18,1941.66,1945.32,1917.97,1920.81,106486,5,0
2022-03-21,1920.61,1941.25,1918.04,1935.78,100472,5,0
2022-03-22,1933.96,1938.39,1910.69,1921.31,113426,5,0
2022-03-23,1919.38,1948.38,1915.52,1944.07,108755,5,0
2022-03-24,1940.91,1966.12,1937.41,1957.58,120866,5,0
2022-03-25,1956.82,1964.26,1943.13,1957.18,119892,5,0
2022-03-28,1957.51,1958.41,1916.93,1922.73,142811,5,0
2022-03-29,1922.31,1929.31,1890.02,1919.45,140457,5,0
2022-03-30,1917.67,1938.53,1915.89,1932.48,103729,5,0
2022-03-31,1931.02,1949.77,1919.1,1937.08,117629,5,0
2022-04-01,1936.59,1939.46,1918.02,1924.1,113329,5,0
2022-04-04,1924.25,1936.87,1915.42,1932.63,105149,5,0
2022-04-05,1932.55,1944.52,1917.99,1923.41,116095,5,0
2022-04-06,1923.2,1933.49,1915.06,1925.21,145197,5,0
2022-04-07,1924.02,1937.81,1920.52,1931.5,135889,5,0
2022-04-08,1931.07,1948.19,1927.68,1946.3,125639,5,0
2022-04-11,1945.71,1969.48,1939.95,1953.64,148818,5,0
2022-04-12,1952.54,1978.6,1949.59,1966.49,144081,5,0
2022-04-13,1965.91,1981.54,1962.86,1978.09,137606,5,0
2022-04-14,1976.62,1980.31,1960.39,1973.34,125669,5,0
2022-04-18,1971.61,1998.37,1970.21,1978.59,124620,5,0
2022-04-19,1977.48,1981.94,1943.69,1950.0,140017,5,0
2022-04-20,1949.31,1958.27,1939.26,1957.49,146181,5,0
2022-04-21,1956.14,1957.39,1936.69,1951.17,142959,5,0
2022-04-22,1950.55,1955.58,1926.56,1932.27,152921,5,0
2022-04-25,1929.54,1934.39,1891.44,1897.88,167791,5,0
2022-04-26,1896.77,1911.22,1895.66,1905.14,151281,5,0
2022-04-27,1905.8,1906.99,1881.3,1885.83,157090,5,0
2022-04-28,1885.53,1896.72,1872.07,1894.6,150290,5,0
2022-04-29,1893.02,1919.85,1892.54,1896.53,152105,5,0
2022-05-02,1896.6,1899.89,1854.53,1862.88,130960,5,0
2022-05-03,1862.09,1878.08,1850.4,1868.16,125717,5,0
2022-05-04,1867.7,1889.74,1861.39,1881.19,119095,5,0
2022-05-05,1881.58,1909.72,1872.49,1877.05,168178,5,0
2022-05-06,1875.45,1892.5,1866.07,1882.43,143026,5,0
2022-05-09,1882.06,1885.66,1851.67,1853.73,138977,5,0
2022-05-10,1852.65,1865.43,1835.37,1838.36,149463,5,0
2022-05-11,1836.21,1858.06,1831.99,1852.42,141642,5,0
2022-05-12,1851.24,1858.74,1821.21,1821.81,154669,5,0
2022-05-13,1820.5,1828.76,1799.1,1811.66,125867,5,0
2022-05-16,1809.72,1826.9,1786.84,1823.87,122157,5,0
2022-05-17,1824.18,1836.09,1812.88,1814.84,119658,5,0
2022-05-18,1813.14,1824.73,1807.32,1816.45,114782,5,0
2022-05-19,1814.41,1849.15,1810.89,1842.01,137406,5,0
2022-05-20,1840.67,1849.39,1832.32,1845.61,103381,5,0
2022-05-23,1845.63,1865.41,1843.47,1853.47,96294,5,0
2022-05-24,1852.9,1869.67,1849.31,1866.4,92203,5,0
2022-05-25,1865.51,1868.04,1841.73,1853.14,90416,5,0
2022-05-26,1851.73,1854.27,1840.8,1850.66,100766,5,0
2022-05-27,1849.87,1861.92,1847.88,1853.19,88527,5,0
2022-05-30,1851.77,1863.96,1848.17,1854.87,52140,5,0
2022-05-31,1855.12,1857.09,1835.01,1837.41,101447,5,0
2022-06-01,1835.45,1849.94,1828.45,1846.28,99673,5,0
2022-06-02,1844.69,1870.46,1844.03,1868.49,88774,5,0
2022-06-03,1867.9,1874.08,1847.34,1851.13,78386,5,0
2022-06-06,1849.66,1857.84,1840.68,1841.47,76106,5,0
2022-06-07,1838.01,1855.5,1836.91,1852.32,78068,5,0
2022-06-08,1850.83,1859.65,1844.55,1853.16,76249,5,0
2022-06-09,1851.43,1855.27,1840.01,1847.99,83655,5,0
2022-06-10,1846.45,1875.85,1825.07,1871.57,118453,5,0
2022-06-13,1873.99,1878.84,1818.95,1819.27,138419,5,0
2022-06-14,1818.18,1831.59,1805.09,1808.24,134478,5,0
2022-06-15,1807.41,1841.84,1807.11,1833.69,155213,5,0
2022-06-16,1830.96,1857.52,1815.89,1856.64,147153,5,0
2022-06-17,1856.19,1856.27,1833.79,1840.28,120491,5,0
2022-06-20,1837.31,1846.12,1834.71,1838.35,70348,5,0
2022-06-21,1838.0,1843.65,1828.53,1832.97,98369,5,0
2022-06-22,1832.54,1847.85,1823.38,1837.84,111223,5,0
2022-06-23,1836.96,1846.1,1822.52,1822.56,116650,5,0
2022-06-24,1822.27,1831.82,1816.94,1827.36,103610,5,0
2022-06-27,1837.28,1841.09,1820.71,1822.6,98714,5,0
2022-06-28,1821.67,1829.51,1818.37,1819.79,87747,5,0
2022-06-29,1819.12,1833.09,1812.04,1817.8,99388,5,0
2022-06-30,1817.34,1825.16,1802.64,1807.16,108990,5,0
2022-07-01,1806.78,1809.29,1784.51,1808.47,122849,5,0
2022-07-04,1811.5,1814.23,1803.96,1807.54,58166,5,0
2022-07-05,1807.09,1812.1,1763.87,1764.73,117798,5,0
2022-07-06,1764.44,1772.79,1732.25,1739.08,128786,5,0
2022-07-07,1738.21,1748.99,1736.53,1740.13,95769,5,0
2022-07-08,1739.11,1752.48,1733.06,1742.54,97189,0,0
2022-07-11,1742.5,1744.46,1731.25,1734.03,86176,5,0
2022-07-12,1732.53,1744.07,1723.15,1726.08,99073,5,0
2022-07-13,1724.61,1745.36,1707.34,1735.49,117322,5,0
2022-07-14,1735.36,1736.25,1697.45,1709.77,127992,6,0
2022-07-15,1710.56,1716.52,1699.05,1707.03,100964,5,0
2022-07-18,1707.12,1723.88,1705.89,1709.03,88263,6,0
2022-07-19,1709.41,1718.43,1705.31,1711.52,78258,6,0
2022-07-20,1711.6,1714.39,1692.39,1696.55,78965,5,0
2022-07-21,1696.3,1720.15,1680.84,1718.23,87269,6,0
2022-07-22,1717.98,1739.25,1712.85,1727.03,90613,6,0
2022-07-25,1726.62,1736.22,1714.71,1719.59,87027,6,0
2022-07-26,1719.02,1728.17,1713.63,1717.25,78556,6,0
2022-07-27,1717.22,1740.21,1711.45,1734.24,84334,5,0
2022-07-28,1733.97,1757.07,1733.92,1755.86,106233,5,0
2022-07-29,1755.67,1767.86,1752.08,1765.89,101837,6,0
2022-08-01,1764.74,1775.3,1758.29,1772.14,96663,5,0
2022-08-02,1771.99,1787.99,1760.44,1761.13,108523,6,0
2022-08-03,1761.3,1772.74,1754.26,1765.51,92888,6,0
2022-08-04,1765.18,1794.9,1763.14,1791.13,83089,6,0
2022-08-05,1790.79,1794.85,1764.92,1775.24,94065,6,0
2022-08-08,1772.68,1790.02,1770.49,1788.99,72063,6,0
2022-08-09,1788.74,1800.36,1783.19,1794.26,68950,5,0
2022-08-10,1795.07,1807.96,1787.26,1792.2,80729,5,0
2022-08-11,1792.19,1799.26,1783.46,1789.43,82244,5,0
2022-08-12,1789.65,1802.13,1784.9,1801.69,76792,5,0
2022-08-15,1801.98,1802.2,1772.95,1779.45,78000,5,0
2022-08-16,1779.84,1783.13,1771.48,1775.45,68471,5,0
2022-08-17,1775.64,1782.27,1759.71,1761.99,87378,5,0
2022-08-18,1762.32,1772.39,1755.33,1758.37,76111,5,0
2022-08-19,1758.79,1759.19,1745.57,1747.09,77672,5,0
2022-08-22,1746.83,1749.06,1727.72,1736.12,77856,5,0
2022-08-23,1735.99,1754.03,1730.8,1747.76,78785,5,0
2022-08-24,1747.85,1755.82,1742.47,1751.26,74356,5,0
2022-08-25,1751.2,1765.52,1749.88,1758.68,80818,5,0
2022-08-26,1758.56,1758.87,1734.18,1738.17,97558,5,0
2022-08-29,1736.07,1745.55,1720.32,1737.45,98390,5,0
2022-08-30,1737.32,1740.45,1721.21,1724.25,91578,5,0
2022-08-31,1723.54,1726.52,1709.61,1710.97,99762,5,0
2022-09-01,1711.05,1711.36,1688.82,1697.56,103058,5,0
2022-09-02,1696.51,1718.0,1694.98,1712.12,93086,5,0
2022-09-05,1711.63,1715.78,1707.7,1710.08,53746,5,0
2022-09-06,1709.59,1726.74,1699.82,1701.79,101996,5,0
2022-09-07,1702.06,1719.42,1691.34,1718.2,104830,5,0
2022-09-08,1718.25,1728.19,1703.99,1708.49,116122,5,0
2022-09-09,1708.72,1729.43,1708.43,1717.46,103093,5,0
2022-09-12,1717.18,1735.11,1711.92,1724.66,101024,5,0
2022-09-13,1724.51,1731.83,1697.03,1702.34,119762,5,0
2022-09-14,1701.7,1707.09,1693.64,1697.38,121267,5,0
2022-09-15,1697.49,1698.25,1660.31,1664.63,113436,5,0
2022-09-16,1664.71,1680.46,1654.11,1675.71,109328,5,0
2022-09-19,1674.59,1679.87,1659.67,1675.69,92217,5,0
2022-09-20,1675.82,1679.45,1659.98,1664.86,99959,5,0
2022-09-21,1664.84,1688.05,1653.76,1673.81,120735,5,0
2022-09-22,1673.18,1684.92,1655.66,1671.2,147477,5,0
2022-09-23,1671.27,1675.9,1639.74,1645.12,138925,5,0
2022-09-26,1645.2,1649.77,1621.11,1622.44,160650,5,0
2022-09-27,1622.13,1642.44,1622.08,1629.19,135780,5,0
2022-09-28,1628.42,1662.69,1614.82,1659.87,164078,5,0
2022-09-29,1659.8,1664.87,1641.51,1660.46,150629,5,0
2022-09-30,1660.56,1675.37,1659.22,1660.85,137981,5,0
2022-10-03,1660.59,1701.41,1659.65,1699.59,137283,5,0
2022-10-04,1699.31,1729.53,1695.19,1726.36,135816,5,0
2022-10-05,1725.92,1727.75,1700.46,1716.22,131165,5,0
2022-10-06,1716.6,1725.52,1706.87,1712.45,125296,5,0
2022-10-07,1712.36,1714.84,1690.55,1694.73,118453,0,0
2022-10-10,1695.55,1699.91,1665.69,1668.04,110183,5,0
2022-10-11,1668.48,1683.93,1660.99,1666.2,130996,5,0
2022-10-12,1666.2,1678.34,1661.32,1673.12,129310,5,0
2022-10-13,1673.57,1682.48,1642.42,1666.11,141245,5,0
2022-10-14,1666.26,1671.78,1640.22,1644.43,139586,5,0
2022-10-17,1643.98,1668.43,1643.98,1650.56,114085,5,0
2022-10-18,1650.27,1660.9,1645.85,1651.95,116397,5,0
2022-10-19,1651.87,1654.39,1627.72,1629.05,105770,5,0
2022-10-20,1629.3,1645.7,1622.46,1628.07,110921,5,0
2022-10-21,1627.85,1657.88,1617.18,1657.12,133894,5,0
2022-10-24,1659.27,1670.72,1643.98,1649.38,123336,4,0
2022-10-25,1650.13,1662.39,1638.25,1653.13,103003,5,0
2022-10-26,1652.95,1674.96,1649.7,1664.65,114440,5,0
2022-10-27,1663.97,1670.82,1654.86,1663.28,114213,5,0
2022-10-28,1662.9,1667.0,1637.97,1645.25,109953,5,0
2022-10-31,1643.21,1645.65,1631.8,1633.56,90012,5,0
2022-11-01,1633.02,1657.04,1630.73,1647.68,106898,0,0
2022-11-02,1647.87,1669.51,1634.74,1635.07,103490,5,0
2022-11-03,1635.16,1641.01,1616.65,1629.56,114868,5,0
2022-11-04,1629.41,1681.72,1628.49,1680.58,120642,5,0
2022-11-07,1675.17,1681.87,1666.89,1675.26,83317,5,0
2022-11-08,1675.16,1716.91,1664.65,1712.39,98483,5,0
2022-11-09,1711.6,1722.33,1702.21,1706.88,101412,5,0
2022-11-10,1706.46,1757.24,1703.83,1755.48,115977,5,0
2022-11-11,1753.82,1772.57,1747.27,1769.81,107210,0,0
2022-11-14,1764.51,1775.06,1753.28,1771.14,86349,5,0
2022-11-15,1770.85,1786.47,1767.04,1778.66,136575,5,0
2022-11-16,1778.46,1785.02,1770.3,1773.73,114582,5,0
2022-11-17,1773.37,1774.75,1754.47,1760.15,111767,5,0
2022-11-18,1760.37,1767.73,1747.52,1750.23,95486,5,0
2022-11-21,1750.95,1752.96,1732.54,1737.71,89908,5,0
2022-11-22,1737.94,1749.77,1737.04,1739.94,87341,5,0
2022-11-23,1739.9,1753.43,1726.5,1749.41,89038,5,0
2022-11-24,1748.86,1758.63,1748.82,1755.2,71284,5,0
2022-11-25,1754.84,1761.07,1745.94,1754.54,82661,5,0
2022-11-28,1754.03,1763.69,1739.59,1741.47,88572,8,0
2022-11-29,1740.5,1758.96,1739.48,1749.68,88189,8,0
2022-11-30,1749.07,1769.99,1744.87,1768.5,96865,8,0
2022-12-01,1768.24,1804.0,1768.21,1802.82,107732,8,0
2022-12-02,1802.15,1804.38,1778.55,1798.61,99099,8,0
2022-12-05,1796.53,1809.97,1765.81,1768.64,104206,8,0
2022-12-06,1768.29,1780.84,1767.27,1770.97,86486,8,0
2022-12-07,1770.67,1790.53,1768.66,1786.05,94327,8,0
2022-12-08,1786.14,1794.83,1781.38,1788.9,87656,8,0
2022-12-09,1789.6,1806.1,1788.47,1796.99,85265,0,0
2022-12-12,1796.17,1797.13,1777.44,1781.32,72708,8,0
2022-12-13,1781.1,1824.51,1780.64,1810.48,110187,8,0
2022-12-14,1809.87,1814.14,1795.1,1807.28,104942,0,0
2022-12-15,1806.95,1808.49,1773.67,1776.7,135486,8,0
2022-12-16,1776.88,1794.26,1774.29,1792.94,87422,8,0
2022-12-19,1792.53,1798.75,1783.78,1787.62,70004,8,0
2022-12-20,1787.56,1821.18,1784.57,1817.65,127263,8,0
2022-12-21,1817.96,1823.84,1811.83,1814.15,84043,8,0
2022-12-22,1813.95,1820.42,1784.84,1792.39,95052,8,0
2022-12-23,1792.45,1803.25,1791.15,1798.15,89150,8,0
2022-12-27,1799.94,1833.3,1799.94,1813.49,86557,0,0
2022-12-28,1813.02,1814.49,1797.02,1804.23,74759,8,0
2022-12-29,1804.0,1820.14,1803.67,1814.82,78348,8,0
2022-12-30,1813.21,1826.1,1813.21,1824.3,94438,8,0
2023-01-03,1826.27,1849.96,1823.68,1839.42,120415,8,0
2023-01-04,1838.84,1865.11,1836.12,1854.6,131563,8,0
2023-01-05,1854.06,1858.94,1825.04,1832.95,121610,8,0
2023-01-06,1830.23,1869.85,1830.23,1866.45,116513,0,0
2023-01-09,1867.25,1881.46,1866.31,1871.66,108117,8,0
2023-01-10,1871.14,1880.69,1867.73,1876.88,109342,8,0
2023-01-11,1876.94,1886.57,1867.06,1875.68,108000,8,0
2023-01-12,1875.23,1901.56,1873.11,1896.76,132648,8,0
2023-01-13,1895.91,1921.94,1892.25,1920.61,124755,8,0
2023-01-16,1919.38,1928.9,1910.83,1915.38,75250,8,0
2023-01-17,1914.27,1919.01,1903.74,1908.48,112432,8,0
2023-01-18,1908.41,1925.87,1896.51,1904.2,137093,8,0
2023-01-19,1904.21,1935.16,1900.93,1932.11,127888,6,0
2023-01-20,1931.95,1937.48,1920.65,1926.76,111526,6,0
2023-01-23,1925.98,1935.46,1911.36,1930.86,100360,6,0
2023-01-24,1931.0,1942.46,1917.12,1937.21,105169,6,0
2023-01-25,1937.11,1948.02,1919.84,1946.06,107735,6,0
2023-01-26,1946.51,1949.12,1918.54,1929.03,109770,6,0
2023-01-27,1927.5,1934.99,1916.66,1928.56,97880,6,0
2023-01-30,1927.61,1934.4,1920.62,1923.11,100112,6,0
2023-01-31,1921.52,1931.12,1900.66,1928.09,113697,0,0
2023-02-01,1928.19,1954.48,1920.43,1949.95,120188,6,0
2023-02-02,1951.33,1959.76,1911.26,1912.59,142078,0,0
2023-02-03,1911.56,1918.61,1861.36,1865.74,139533,6,0
2023-02-06,1861.96,1881.3,1860.38,1867.57,125892,6,0
2023-02-07,1867.32,1884.41,1864.98,1873.66,127634,6,0
2023-02-08,1873.24,1886.38,1868.98,1875.41,104246,6,0
2023-02-09,1875.4,1890.2,1858.85,1861.59,111384,0,0
2023-02-10,1861.74,1872.23,1852.71,1865.25,117760,0,0
2023-02-13,1865.17,1866.62,1850.46,1853.45,94720,6,0
2023-02-14,1853.37,1870.64,1843.12,1854.36,126056,0,0
2023-02-15,1854.19,1860.26,1830.34,1835.82,112460,6,0
2023-02-16,1835.88,1845.24,1827.57,1836.36,118672,6,0
2023-02-17,1836.67,1843.6,1818.91,1842.02,112764,6,0
2023-02-20,1840.76,1847.47,1837.3,1841.22,63358,6,0
2023-02-21,1841.66,1843.79,1830.2,1834.88,107901,6,0
2023-02-22,1834.66,1845.97,1823.5,1825.16,117279,6,0
2023-02-23,1825.26,1833.78,1817.37,1822.22,107159,6,0
2023-02-24,1822.3,1827.76,1808.93,1811.15,119237,6,0
2023-02-27,1810.95,1820.15,1806.49,1817.16,106676,5,0
2023-02-28,1816.85,1831.14,1804.71,1826.68,106786,5,0
2023-03-01,1826.73,1844.48,1823.01,1836.54,114521,5,0
2023-03-02,1836.72,1838.92,1829.9,1835.58,103815,5,0
2023-03-03,1835.69,1856.34,1835.51,1854.66,95828,5,0
2023-03-06,1855.42,1858.23,1845.09,1846.59,94192,5,0
2023-03-07,1846.4,1851.63,1812.65,1812.96,114225,5,0
2023-03-08,1813.56,1824.22,1809.35,1813.68,105910,5,0
2023-03-09,1813.86,1835.67,1811.86,1830.75,106082,5,0
2023-03-10,1831.51,1870.11,1827.69,1867.4,155190,5,0
2023-03-13,1872.84,1914.54,1871.53,1913.37,225203,0,0
2023-03-14,1913.41,1914.07,1895.38,1903.84,161312,5,0
2023-03-15,1903.57,1937.3,1885.67,1918.09,182060,5,0
2023-03-16,1918.06,1933.43,1907.5,1919.31,171380,5,0
2023-03-17,1920.67,1987.72,1918.19,1986.09,156346,5,0
2023-03-20,1985.01,2009.74,1965.75,1978.62,180480,5,0
2023-03-21,1978.65,1985.14,1935.35,1940.52,130548,5,0
2023-03-22,1939.51,1978.71,1934.15,1969.62,141656,5,0
2023-03-23,1970.51,2003.26,1964.44,1993.73,155582,5,0
2023-03-24,1992.7,2002.89,1975.15,1977.5,150742,5,0
2023-03-27,1976.49,1979.31,1943.97,1956.34,123949,5,0
2023-03-28,1956.37,1975.24,1949.1,1973.53,112305,5,0
2023-03-29,1973.22,1974.34,1958.63,1964.37,100159,5,0
2023-03-30,1963.71,1984.29,1955.25,1980.17,106885,5,0
2023-03-31,1980.4,1987.56,1966.81,1969.26,115526,5,0
2023-04-03,1970.22,1990.49,1949.69,1984.37,122305,0,0
2023-04-04,1984.31,2024.94,1976.86,2020.51,115044,5,0
2023-04-05,2020.28,2032.04,2009.99,2020.7,112572,5,0
2023-04-06,2020.61,2021.31,2000.81,2007.07,94195,5,0
2023-04-10,1994.96,2006.43,1981.6,1991.16,91434,5,0
2023-04-11,1991.17,2007.44,1988.73,2003.53,89526,5,0
2023-04-12,2003.43,2028.22,2001.36,2014.83,119380,5,0
2023-04-13,2014.8,2048.72,2013.69,2039.96,106557,5,0
2023-04-14,2040.31,2047.34,1992.34,2004.56,119552,5,0
2023-04-17,1998.91,2014.97,1981.12,1995.05,113633,5,0
2023-04-18,1994.8,2011.79,1991.22,2005.23,99448,5,0
2023-04-19,2005.12,2008.11,1969.18,1994.62,118638,5,0
2023-04-20,1994.43,2012.26,1990.41,2004.69,112202,5,0
2023-04-21,2003.95,2005.5,1971.58,1982.68,114087,5,0
2023-04-24,1981.06,1990.79,1974.08,1988.97,104360,5,0
2023-04-25,1988.91,2003.79,1976.05,1997.0,118095,5,0
2023-04-26,1996.79,2009.27,1983.27,1989.28,131304,5,0
2023-04-27,1989.77,2003.27,1974.15,1987.76,121866,5,0
2023-04-28,1987.86,1994.97,1976.22,1989.63,120219,5,0
2023-05-01,1990.81,2005.98,1977.06,1982.47,103776,5,0
2023-05-02,1981.6,2019.34,1978.45,2016.58,120805,0,0
2023-05-03,2016.6,2040.36,2007.0,2038.38,115674,5,0
2023-05-04,2045.42,2079.11,2030.25,2050.06,178171,0,0
2023-05-05,2049.73,2052.9,1999.47,2015.81,128153,0,0
2023-05-08,2015.48,2029.34,2014.25,2021.33,95868,5,0
2023-05-09,2020.73,2037.58,2019.51,2034.38,99551,5,0
2023-05-10,2033.86,2048.18,2021.5,2030.14,120852,5,0
2023-05-11,2029.99,2041.09,2011.13,2014.97,131410,5,0
2023-05-12,2014.72,2022.53,2000.86,2010.8,118836,5,0
2023-05-15,2007.46,2022.15,2007.15,2016.33,96920,5,0
2023-05-16,2015.72,2018.29,1985.42,1988.8,121384,0,0
2023-05-17,1988.81,1992.96,1974.99,1981.48,111816,8,0
2023-05-18,1980.98,1985.98,1951.91,1957.37,112493,0,0
2023-05-19,1957.82,1984.15,1953.94,1977.49,127044,8,0
2023-05-22,1977.4,1982.59,1968.84,1971.66,111210,8,0
2023-05-23,1971.79,1977.68,1954.19,1974.88,127488,8,0
2023-05-24,1974.9,1985.27,1956.7,1957.15,120013,8,0
2023-05-25,1957.3,1964.73,1938.85,1940.67,122933,8,0
2023-05-26,1940.22,1957.22,1936.69,1946.47,112966,8,0
2023-05-29,1941.74,1949.67,1940.19,1942.93,58764,8,0
2023-05-30,1943.47,1963.47,1931.93,1959.22,121367,8,0
2023-05-31,1959.07,1974.73,1953.61,1962.5,119258,8,0
2023-06-01,1962.69,1983.12,1953.33,1977.41,118931,5,0
2023-06-02,1977.23,1983.4,1947.92,1948.21,117169,5,0
2023-06-05,1946.37,1963.98,1938.08,1961.74,110405,5,0
2023-06-06,1961.52,1966.37,1954.31,1963.23,102689,5,0
2023-06-07,1963.36,1970.16,1939.74,1939.85,108518,5,0
2023-06-08,1940.25,1970.46,1939.48,1965.51,110182,0,0
2023-06-09,1965.66,1973.0,1956.57,1960.4,96293,5,0
2023-06-12,1959.79,1966.96,1949.16,1957.36,106483,5,0
2023-06-13,1957.26,1970.73,1939.99,1943.42,118425,5,0
2023-06-14,1943.26,1960.17,1939.63,1941.76,116760,5,0
2023-06-15,1941.52,1960.23,1924.63,1957.91,131660,5,0
2023-06-16,1957.31,1967.87,1953.23,1957.33,119403,5,0
2023-06-19,1957.86,1958.66,1947.76,1950.28,64075,5,0
2023-06-20,1950.91,1956.73,1929.75,1936.13,118265,5,0
2023-06-21,1936.2,1939.47,1919.18,1932.62,116347,5,0
2023-06-22,1932.67,1934.92,1912.33,1913.65,104117,5,0
2023-06-23,1913.87,1937.22,1910.02,1921.41,111425,5,0
2023-06-26,1924.86,1933.31,1921.48,1923.0,99091,5,0
2023-06-27,1923.16,1930.63,1910.88,1913.53,108341,5,0
2023-06-28,1914.04,1917.15,1902.79,1907.3,104006,5,0
2023-06-29,1907.56,1913.03,1892.89,1908.13,113277,5,0
2023-06-30,1908.3,1922.74,1900.51,1919.1,114564,5,0
2023-07-03,1918.58,1930.94,1909.98,1921.38,94779,5,0
2023-07-04,1921.22,1930.68,1919.77,1925.7,56356,5,0
2023-07-05,1925.36,1935.04,1914.76,1915.08,104673,5,0
2023-07-06,1915.26,1927.57,1902.57,1910.78,113591,5,0
2023-07-07,1910.64,1934.85,1909.5,1925.09,109444,5,0
2023-07-10,1924.53,1928.07,1912.62,1925.18,94803,5,0
2023-07-11,1925.21,1938.47,1924.32,1932.12,96816,5,0
2023-07-12,1932.24,1959.63,1932.1,1957.31,111160,5,0
2023-07-13,1956.96,1963.52,1952.35,1960.32,111404,5,0
2023-07-14,1960.26,1963.77,1950.86,1955.3,106754,5,0
2023-07-17,1954.63,1959.83,1945.73,1954.76,86381,5,0
2023-07-18,1954.47,1984.32,1954.47,1978.73,111070,5,0
2023-07-19,1978.69,1980.92,1969.71,1976.82,94496,5,0
2023-07-20,1975.76,1987.4,1965.3,1969.39,100801,5,0
2023-07-21,1970.17,1973.72,1956.77,1961.84,91718,5,0
2023-07-24,1962.39,1967.86,1953.45,1954.74,89153,5,0
2023-07-25,1955.07,1965.66,1951.21,1964.79,82907,5,0
2023-07-26,1965.04,1978.31,1961.99,1972.06,98704,5,0
2023-07-27,1971.18,1982.09,1942.54,1945.46,112873,5,0
2023-07-28,1946.37,1963.45,1945.35,1959.02,107950,5,0
2023-07-31,1958.95,1972.35,1950.95,1965.4,85708,5,0
2023-08-01,1965.63,1965.92,1941.23,1944.04,92812,5,0
2023-08-02,1949.48,1954.73,1932.9,1934.71,95886,5,0
2023-08-03,1935.24,1938.86,1929.45,1934.02,97383,5,0
2023-08-04,1934.07,1946.75,1925.67,1942.63,91879,5,0
2023-08-07,1942.15,1946.65,1931.42,1936.44,68576,5,0
2023-08-08,1936.45,1938.04,1922.74,1924.98,86936,5,0
2023-08-09,1924.99,1932.27,1913.96,1914.58,72833,5,0
2023-08-10,1914.83,1930.08,1912.05,1912.27,92005,5,0
2023-08-11,1912.59,1920.87,1910.71,1913.77,78046,5,0
2023-08-14,1913.51,1916.19,1902.69,1907.33,77535,5,0
2023-08-15,1907.32,1911.6,1896.27,1901.85,96905,5,0
2023-08-16,1901.69,1907.16,1891.75,1891.82,82229,5,0
2023-08-17,1892.17,1903.42,1884.95,1889.27,93395,5,0
2023-08-18,1889.44,1896.83,1886.74,1889.59,77273,5,0
2023-08-21,1889.78,1898.77,1884.75,1894.65,84700,5,0
2023-08-22,1894.66,1904.49,1889.08,1897.31,79920,5,0
2023-08-23,1897.39,1920.37,1897.27,1915.4,86291,5,0
2023-08-24,1915.25,1923.34,1911.74,1916.74,85229,5,0
2023-08-25,1917.07,1922.36,1903.74,1913.88,85103,5,0
2023-08-28,1915.59,1926.03,1912.75,1920.15,66690,5,0
2023-08-29,1920.04,1938.13,1914.41,1937.34,80538,5,0
2023-08-30,1937.23,1949.07,1934.95,1942.24,86884,5,0
2023-08-31,1942.78,1947.83,1939.01,1940.07,78452,5,0
2023-09-01,1940.07,1952.89,1934.47,1939.86,87397,5,0
2023-09-04,1940.28,1946.27,1936.65,1938.35,44118,5,0
2023-09-05,1938.53,1938.94,1925.31,1925.98,83033,5,0
2023-09-06,1926.13,1929.14,1915.26,1916.41,80367,5,0
2023-09-07,1917.55,1923.57,1916.19,1919.6,68131,5,0
2023-09-08,1919.55,1929.71,1917.32,1918.98,68838,5,0
2023-09-11,1920.46,1930.67,1916.61,1922.3,74372,5,0
2023-09-12,1922.63,1924.51,1907.55,1913.31,70405,5,0
2023-09-13,1913.15,1915.71,1905.42,1908.11,84095,5,0
2023-09-14,1908.69,1912.88,1900.95,1910.5,110762,5,0
2023-09-15,1910.79,1930.4,1909.73,1923.55,102341,5,0
2023-09-18,1923.39,1934.21,1922.52,1933.59,82944,5,0
2023-09-19,1933.66,1937.33,1929.77,1931.29,69870,5,0
2023-09-20,1932.01,1947.42,1927.92,1930.33,96561,5,0
2023-09-21,1930.35,1931.51,1913.91,1920.0,100643,5,0
2023-09-22,1919.4,1929.09,1919.28,1925.09,75688,5,0
2023-09-25,1925.27,1927.17,1915.13,1915.74,74818,5,0
2023-09-26,1916.04,1916.79,1899.11,1900.55,82580,5,0
2023-09-27,1900.54,1903.9,1872.5,1874.97,92610,5,0
2023-09-28,1876.1,1879.63,1857.62,1864.82,100481,5,0
2023-09-29,1865.05,1879.82,1846.28,1849.08,103229,5,0
2023-10-02,1847.01,1848.89,1827.15,1827.77,103001,5,0
2023-10-03,1828.89,1833.35,1815.17,1822.92,128913,5,0
2023-10-04,1823.23,1830.58,1816.56,1821.04,122235,5,0
2023-10-05,1821.37,1829.14,1812.99,1820.12,108558,5,0
2023-10-06,1820.52,1834.84,1810.41,1831.58,117110,5,0
2023-10-09,1850.0,1863.48,1844.18,1861.32,104122,5,0
2023-10-10,1861.21,1865.39,1852.98,1860.39,117472,5,0
2023-10-11,1859.99,1877.2,1858.59,1874.24,107174,5,0
2023-10-12,1874.32,1884.97,1867.89,1868.7,108972,5,0
2023-10-13,1868.97,1930.72,1868.97,1930.08,123068,5,0
2023-10-16,1923.43,1927.61,1908.13,1920.13,112258,5,0
2023-10-17,1919.95,1931.56,1912.36,1923.04,113586,5,0
2023-10-18,1923.91,1962.63,1923.25,1947.54,130856,5,0
2023-10-19,1947.73,1977.69,1945.18,1974.31,136135,5,0
2023-10-20,1973.47,1997.13,1971.96,1980.3,138243,5,0
2023-10-23,1968.88,1982.79,1964.31,1972.72,124022,5,0
2023-10-24,1973.42,1980.84,1953.42,1970.97,117658,5,0
2023-10-25,1970.78,1987.18,1962.89,1979.47,103561,5,0
2023-10-26,1980.26,1993.41,1971.73,1984.88,128646,5,0
2023-10-27,1984.54,2009.36,1976.79,2005.7,117182,5,0
2023-10-30,2004.67,2006.68,1990.9,1996.11,111497,5,0
2023-10-31,1995.71,2007.96,1978.81,1983.95,117305,5,0
2023-11-01,1983.48,1992.05,1969.83,1982.68,115872,5,0
2023-11-02,1983.29,1991.01,1978.8,1985.82,104384,5,0
2023-11-03,1985.92,2004.08,1983.2,1992.39,105126,5,0
2023-11-06,1992.85,1993.09,1977.39,1977.79,99120,5,0
2023-11-07,1977.93,1978.27,1956.67,1969.1,100332,5,0
2023-11-08,1969.05,1970.96,1947.41,1950.17,105174,5,0
2023-11-09,1949.74,1965.58,1944.62,1958.47,102608,5,0
2023-11-10,1958.19,1960.82,1932.99,1937.79,102859,5,0
2023-11-13,1938.46,1949.17,1931.62,1946.15,92820,5,0
2023-11-14,1946.17,1970.85,1943.71,1963.05,101770,5,0
2023-11-15,1962.91,1975.14,1955.4,1959.24,111375,5,0
2023-11-16,1960.08,1987.96,1956.43,1981.23,102470,5,0
2023-11-17,1980.62,1993.35,1978.61,1980.4,102352,5,0
2023-11-20,1977.92,1985.13,1965.44,1977.65,107527,5,0
2023-11-21,1978.08,2007.53,1977.75,1998.32,123940,5,0
2023-11-22,1998.57,2006.38,1986.91,1989.84,109376,5,0
2023-11-23,1989.18,1998.54,1989.13,1992.37,58507,5,0
2023-11-24,1992.68,2003.55,1991.42,2002.16,79657,5,0
2023-11-27,2001.78,2018.06,2000.48,2014.17,127623,5,0
2023-11-28,2013.5,2042.98,2011.64,2041.19,122806,5,0
2023-11-29,2041.0,2051.99,2035.31,2044.19,147746,5,0
2023-11-30,2044.59,2047.23,2031.35,2036.02,163148,5,0
2023-12-01,2036.59,2075.32,2033.89,2071.44,170020,5,0
2023-12-04,2072.16,2137.31,2020.02,2029.03,211328,5,0
2023-12-05,2029.77,2041.18,2009.82,2019.3,156979,5,0
2023-12-06,2019.58,2035.84,2017.12,2025.32,131077,5,0
2023-12-07,2025.67,2039.91,2020.2,2028.51,167582,5,0
2023-12-08,2028.48,2034.05,1994.62,2004.01,210232,5,0
2023-12-11,2004.78,2007.77,1975.8,1981.76,164947,5,0
2023-12-12,1981.91,1996.85,1977.2,1979.39,156284,5,0
2023-12-13,1980.63,2027.79,1973.02,2027.29,169283,5,0
2023-12-14,2024.57,2047.92,2023.9,2036.36,246848,5,0
2023-12-15,2036.16,2044.88,2015.62,2018.45,180603,5,0
2023-12-18,2020.15,2033.69,2015.98,2027.18,119330,5,0
2023-12-19,2027.55,2046.99,2021.71,2040.15,126927,5,0
2023-12-20,2039.78,2043.49,2027.45,2031.31,122214,5,0
2023-12-21,2031.89,2046.1,2031.43,2045.75,135388,5,0
2023-12-22,2048.81,2070.62,2046.7,2052.6,147863,5,0
2023-12-26,2053.23,2069.04,2053.23,2067.74,78986,5,0
2023-12-27,2068.25,2084.46,2061.47,2077.6,105269,5,0
2023-12-28,2077.95,2088.45,2064.65,2065.37,130179,5,0
2023-12-29,2066.44,2074.81,2058.21,2062.84,125275,5,0
2024-01-02,2063.84,2078.95,2055.84,2058.98,152675,5,0
2024-01-03,2058.79,2066.0,2030.65,2041.42,178951,5,0
2024-01-04,2041.97,2050.93,2036.25,2043.34,133938,5,0
2024-01-05,2043.41,2064.02,2024.42,2045.03,198680,5,0
2024-01-08,2044.68,2046.6,2016.76,2027.99,154556,5,0
2024-01-09,2028.06,2041.96,2026.03,2030.21,146006,5,0
2024-01-10,2030.5,2040.32,2020.45,2024.34,146591,5,0
2024-01-11,2024.62,2039.67,2013.31,2028.63,207080,5,0
2024-01-12,2028.95,2062.23,2028.61,2048.73,200470,5,0
2024-01-15,2047.27,2058.63,2045.82,2054.57,84827,5,0
2024-01-16,2055.19,2055.55,2024.27,2028.27,200644,5,0
2024-01-17,2028.05,2032.98,2001.83,2006.19,185126,5,0
2024-01-18,2006.31,2023.35,2005.76,2023.06,146602,5,0
2024-01-19,2023.82,2039.36,2020.36,2029.35,135096,5,0
2024-01-22,2028.85,2032.14,2016.42,2021.68,136759,5,0
2024-01-23,2021.19,2037.9,2019.58,2029.22,140784,5,0
2024-01-24,2028.58,2036.63,2011.18,2013.58,159026,5,0
2024-01-25,2014.84,2025.32,2008.82,2020.8,166041,5,0
2024-01-26,2019.62,2026.81,2015.95,2018.41,111914,5,0
2024-01-29,2025.59,2037.54,2019.29,2032.79,107586,5,0
2024-01-30,2032.98,2048.6,2029.06,2036.88,131610,5,0
2024-01-31,2037.03,2056.0,2030.79,2039.14,182556,5,0
2024-02-01,2039.67,2065.42,2030.01,2054.89,195048,5,0
2024-02-02,2054.81,2057.65,2027.82,2039.51,162277,5,0
2024-02-05,2039.66,2042.13,2014.88,2025.01,152253,5,0
2024-02-06,2024.78,2038.88,2022.86,2035.84,129180,5,0
2024-02-07,2035.43,2044.54,2030.57,2035.09,113861,5,0
2024-02-08,2034.84,2038.68,2020.16,2034.28,122084,5,0
2024-02-09,2034.83,2037.19,2020.24,2023.98,102955,5,0
2024-02-12,2024.68,2027.58,2011.86,2019.95,93264,5,0
2024-02-13,2019.79,2031.96,1990.07,1992.97,125241,5,0
2024-02-14,1993.23,1996.15,1984.21,1992.15,107512,5,0
2024-02-15,1992.77,2008.35,1990.26,2004.35,112219,5,0
2024-02-16,2004.42,2015.13,1995.04,2013.46,114126,6,0
2024-02-19,2014.38,2022.94,2011.2,2017.77,56740,5,0
2024-02-20,2017.43,2030.92,2014.97,2024.17,94450,5,0
2024-02-21,2024.05,2032.2,2020.0,2025.93,98963,5,0
2024-02-22,2025.87,2034.92,2019.58,2024.35,111152,6,0
2024-02-23,2024.05,2041.33,2016.05,2035.69,106552,5,0
2024-02-26,2032.94,2036.98,2025.03,2031.06,92430,5,0
2024-02-27,2031.16,2039.44,2028.78,2030.23,86802,5,0
2024-02-28,2030.11,2037.89,2024.43,2034.45,86453,5,0
2024-02-29,2034.69,2050.68,2028.06,2044.06,120675,5,0
2024-03-01,2043.82,2088.27,2039.04,2083.38,154216,5,0
2024-03-04,2082.68,2119.89,2079.45,2114.31,144923,5,0
2024-03-05,2113.95,2141.77,2110.44,2127.82,181169,5,0
2024-03-06,2127.37,2152.21,2123.6,2148.12,184083,5,0
2024-03-07,2147.72,2164.72,2144.2,2159.89,179788,5,0
2024-03-08,2158.77,2195.12,2153.99,2178.64,193932,6,0
2024-03-11,2180.86,2188.97,2174.78,2182.74,153527,5,0
2024-03-12,2182.07,2184.76,2150.57,2158.26,190205,5,0
2024-03-13,2158.57,2179.82,2155.77,2174.22,147411,5,0
2024-03-14,2174.87,2176.95,2152.72,2162.12,151031,5,0
2024-03-15,2162.12,2172.68,2155.14,2156.11,129188,5,0
2024-03-18,2152.33,2163.53,2146.08,2160.26,92718,5,0
2024-03-19,2160.24,2162.81,2147.12,2157.55,100339,5,0
2024-03-20,2157.77,2188.79,2149.58,2186.17,109155,5,0
2024-03-21,2187.46,2222.69,2166.35,2181.2,145441,5,0
2024-03-22,2181.07,2186.04,2157.09,2165.48,118235,5,0
2024-03-25,2165.38,2181.26,2163.47,2171.57,101963,5,0
2024-03-26,2171.76,2200.04,2167.54,2178.63,101445,5,0
2024-03-27,2177.82,2197.59,2173.27,2194.72,94101,5,0
2024-03-28,2191.18,2236.06,2187.34,2232.78,121515,5,0
2024-04-01,2240.13,2265.64,2228.49,2251.26,124489,5,0
2024-04-02,2250.98,2281.01,2246.66,2280.41,140360,5,0
2024-04-03,2280.61,2301.09,2265.39,2299.58,137739,5,0
2024-04-04,2299.72,2305.55,2279.83,2290.84,124078,5,0
2024-04-05,2290.96,2330.42,2267.76,2328.2,150955,5,0
2024-04-08,2321.88,2353.93,2302.9,2338.81,243392,5,0
2024-04-09,2337.73,2365.29,2336.73,2352.14,212388,5,0
2024-04-10,2353.13,2360.04,2319.41,2333.47,171943,5,0
2024-04-11,2332.38,2377.71,2325.76,2372.37,144778,5,0
2024-04-12,2371.31,2431.51,2333.88,2344.76,194704,5,0
2024-04-15,2362.35,2387.59,2324.26,2383.07,181181,5,0
2024-04-16,2380.3,2398.34,2363.03,2382.54,178649,5,0
2024-04-17,2382.86,2395.61,2354.45,2361.12,153304,5,0
2024-04-18,2362.96,2392.83,2362.94,2378.71,149760,5,0
2024-04-19,2378.53,2417.81,2372.8,2390.41,174455,5,0
2024-04-22,2386.08,2388.41,2324.65,2327.07,141865,5,0
2024-04-23,2329.09,2334.46,2291.33,2322.1,159495,5,0
2024-04-24,2322.09,2337.31,2311.75,2315.94,127702,5,0
2024-04-25,2316.02,2344.85,2305.01,2332.38,98556,5,0
2024-04-26,2331.99,2352.5,2326.2,2337.38,86872,5,0
2024-04-29,2335.8,2346.73,2319.82,2335.43,167363,0,0
2024-04-30,2335.13,2336.27,2285.08,2286.09,98586,0,0
2024-05-01,2286.7,2328.3,2281.64,2319.27,98793,5,0
2024-05-02,2319.24,2326.43,2285.5,2303.53,100978,5,0
2024-05-03,2303.8,2320.6,2277.26,2301.88,86605,5,0
2024-05-06,2302.93,2331.95,2291.82,2323.9,117664,5,0
2024-05-07,2324.17,2329.95,2310.0,2313.93,109445,5,0
2024-05-08,2313.76,2321.37,2303.64,2308.82,111998,5,0
2024-05-09,2308.11,2347.2,2306.61,2345.99,110205,5,0
2024-05-10,2345.74,2378.32,2345.23,2360.8,126628,5,0
2024-05-13,2360.72,2364.48,2331.97,2336.25,113329,6,0
2024-05-14,2336.41,2359.62,2334.83,2357.87,109747,6,0
2024-05-15,2356.95,2390.22,2351.86,2385.76,124299,6,0
2024-05-16,2385.4,2397.35,2370.75,2376.66,123004,5,0
2024-05-17,2377.25,2422.63,2373.99,2414.35,115735,6,0
2024-05-20,2419.24,2450.01,2407.34,2426.14,151234,5,0
2024-05-21,2427.16,2433.89,2406.04,2420.77,132494,14,0
2024-05-22,2420.83,2426.49,2374.92,2378.56,130276,8,0
2024-05-23,2378.09,2383.72,2326.97,2328.44,135836,8,0
2024-05-24,2328.67,2347.38,2325.39,2333.81,103445,8,0
2024-05-27,2335.58,2358.46,2332.14,2350.41,78421,8,0
2024-05-28,2352.16,2364.05,2340.3,2361.09,107391,8,0
2024-05-29,2362.27,2362.27,2334.36,2338.15,111720,8,0
2024-05-30,2338.22,2351.74,2322.62,2342.93,121503,8,0
2024-05-31,2344.24,2359.68,2320.59,2327.61,123744,8,0
2024-06-03,2328.85,2354.73,2314.75,2350.61,118640,8,0
2024-06-04,2351.9,2352.78,2315.6,2326.81,118684,8,0
2024-06-05,2327.53,2357.37,2325.86,2355.09,105968,5,0
2024-06-06,2356.91,2378.49,2353.42,2375.74,114421,8,0
2024-06-07,2376.81,2387.67,2286.74,2292.94,135670,8,0
2024-06-10,2292.74,2313.78,2287.55,2310.85,95505,8,0
2024-06-11,2311.93,2319.9,2297.73,2316.81,105222,8,0
2024-06-12,2316.49,2341.64,2310.69,2324.84,117124,8,0
2024-06-13,2324.2,2326.63,2295.57,2303.88,119882,8,0
2024-06-14,2303.17,2336.59,2301.53,2332.69,120618,8,0
2024-06-17,2331.51,2331.83,2309.91,2319.08,107101,8,0
2024-06-18,2320.03,2333.11,2306.55,2329.32,107717,8,0
2024-06-19,2329.69,2334.93,2323.73,2328.19,69609,8,0
2024-06-20,2329.41,2365.41,2327.73,2359.97,108661,8,0
2024-06-21,2360.35,2368.69,2316.71,2321.39,105900,8,0
2024-06-24,2318.54,2334.7,2317.71,2334.23,90897,8,0
2024-06-25,2333.82,2337.1,2315.49,2319.45,88157,8,0
2024-06-26,2319.33,2323.86,2293.48,2298.12,109026,8,0
2024-06-27,2297.87,2330.88,2296.49,2327.54,98736,8,0
2024-06-28,2327.65,2339.71,2319.06,2326.35,101205,8,0
2024-07-01,2326.05,2338.47,2318.48,2331.69,100335,8,0
2024-07-02,2332.49,2336.78,2319.09,2329.29,86509,8,0
2024-07-03,2330.12,2364.91,2326.94,2355.96,91327,8,0
2024-07-04,2356.97,2362.51,2350.38,2356.57,63585,8,0
2024-07-05,2356.65,2392.93,2348.78,2391.02,143271,5,0
2024-07-08,2387.28,2391.08,2351.01,2359.08,143455,8,0
2024-07-09,2359.12,2371.51,2349.41,2363.66,150421,8,0
2024-07-10,2363.88,2386.65,2363.06,2371.21,131332,8,0
2024-07-11,2371.76,2424.53,2371.12,2415.29,165174,8,0
2024-07-12,2414.77,2418.25,2391.36,2411.56,165355,5,0
2024-07-15,2412.73,2439.71,2401.32,2422.17,169610,8,0
2024-07-16,2421.87,2469.57,2420.0,2468.64,178641,8,0
2024-07-17,2468.4,2483.7,2451.48,2458.55,218950,8,0
2024-07-18,2458.43,2474.89,2440.31,2445.11,185764,8,0
2024-07-19,2445.14,2445.3,2393.6,2400.39,196543,8,0
2024-07-22,2402.33,2412.11,2383.84,2396.37,169891,8,0
2024-07-23,2397.32,2411.99,2388.27,2409.49,165728,8,0
2024-07-24,2408.76,2432.0,2396.81,2397.15,185425,8,0
2024-07-25,2398.03,2401.17,2353.08,2364.47,242443,8,0
2024-07-26,2363.94,2390.75,2355.84,2388.18,181581,8,0
2024-07-29,2388.06,2403.11,2369.62,2383.49,191556,8,0
2024-07-30,2382.72,2412.81,2376.47,2410.94,182559,5,0
2024-07-31,2409.56,2450.91,2403.73,2447.3,208244,5,0
2024-08-01,2448.83,2462.27,2430.22,2446.34,235392,8,0
2024-08-02,2446.49,2477.62,2410.81,2441.32,252825,8,0
2024-08-05,2444.07,2458.55,2364.27,2409.94,162193,0,0
2024-08-06,2410.47,2418.3,2381.39,2389.87,121094,8,0
2024-08-07,2389.57,2406.99,2379.0,2382.99,108018,8,0
2024-08-08,2382.4,2427.53,2381.04,2427.21,107308,8,0
2024-08-09,2426.31,2437.03,2416.86,2430.97,89640,8,0
2024-08-12,2429.97,2473.08,2423.72,2471.97,72585,8,0
2024-08-13,2470.45,2476.89,2458.46,2464.9,87029,9,0
2024-08-14,2466.74,2479.74,2437.85,2447.84,95820,5,0
2024-08-15,2447.4,2469.98,2432.05,2456.41,90683,8,0
2024-08-16,2455.84,2509.73,2450.78,2507.0,93202,5,0
2024-08-19,2509.07,2509.93,2485.41,2504.18,92881,8,0
2024-08-20,2503.43,2531.73,2497.31,2513.91,92158,9,0
2024-08-21,2513.59,2519.99,2493.68,2512.34,93345,8,0
2024-08-22,2511.73,2514.66,2470.88,2484.65,94293,8,0
2024-08-23,2484.57,2518.35,2484.38,2511.9,93235,8,0
2024-08-26,2512.08,2526.82,2508.75,2517.86,93411,8,0
2024-08-27,2518.02,2525.94,2503.31,2524.6,88376,8,0
2024-08-28,2525.08,2528.92,2493.6,2504.55,90948,8,0
2024-08-29,2504.76,2528.67,2503.49,2521.03,90528,8,0
2024-08-30,2520.86,2526.81,2493.98,2503.38,90575,8,0
2024-09-02,2502.53,2507.33,2489.86,2499.56,64756,8,0
2024-09-03,2499.46,2506.1,2473.1,2492.88,95375,8,0
2024-09-04,2492.75,2500.16,2471.69,2495.33,89993,8,0
2024-09-05,2494.78,2523.36,2493.78,2516.59,88465,9,0
2024-09-06,2516.74,2529.21,2485.07,2497.09,97208,5,0
2024-09-09,2496.61,2507.22,2485.53,2506.31,91118,5,0
2024-09-10,2506.23,2518.3,2499.98,2516.6,86128,8,0
2024-09-11,2516.41,2528.84,2500.74,2511.55,96541,8,0
2024-09-12,2511.43,2560.06,2510.89,2558.59,94432,8,0
2024-09-13,2558.16,2586.09,2556.7,2579.41,96818,8,0
2024-09-16,2578.64,2589.68,2575.05,2582.43,80900,8,0
2024-09-17,2582.31,2586.96,2560.67,2569.49,86344,8,0
2024-09-18,2569.62,2600.12,2546.88,2559.31,99040,8,0
2024-09-19,2557.88,2594.88,2551.34,2586.72,106790,8,0
2024-09-20,2586.34,2625.81,2584.79,2622.19,97250,8,0
2024-09-23,2619.56,2634.79,2613.64,2628.37,114099,8,0
2024-09-24,2627.19,2664.4,2622.41,2657.14,196464,8,0
2024-09-25,2658.58,2670.41,2649.55,2657.04,182386,6,0
2024-09-26,2657.46,2685.51,2654.68,2672.25,198783,8,0
2024-09-27,2671.93,2674.26,2642.97,2658.69,204243,8,0
2024-09-30,2658.29,2666.04,2624.64,2634.53,194580,5,0
2024-10-01,2633.22,2673.13,2632.15,2663.28,170841,8,0
2024-10-02,2661.97,2663.2,2640.91,2658.61,162859,5,0
2024-10-03,2658.46,2662.75,2637.13,2655.94,176591,8,0
2024-10-04,2656.9,2670.22,2631.92,2652.7,131769,8,0
2024-10-07,2650.82,2659.67,2637.8,2642.6,123496,8,0
2024-10-08,2642.44,2652.96,2604.5,2621.88,156700,8,0
2024-10-09,2621.74,2624.26,2605.16,2607.67,130272,8,0
2024-10-10,2608.42,2631.47,2601.78,2630.01,135665,5,0
2024-10-11,2629.12,2661.43,2628.08,2657.03,119599,8,0
2024-10-14,2652.37,2666.56,2643.2,2648.48,113023,8,0
2024-10-15,2647.96,2668.95,2638.1,2662.6,130729,8,0
2024-10-16,2662.08,2685.19,2658.66,2673.64,125974,8,0
2024-10-17,2674.0,2696.77,2673.07,2692.78,133055,8,0
2024-10-18,2692.43,2722.54,2692.27,2722.22,136120,8,0
2024-10-21,2720.45,2740.53,2714.13,2719.56,146107,8,0
2024-10-22,2718.96,2748.89,2718.85,2748.8,134205,8,0
2024-10-23,2747.67,2758.45,2708.54,2715.46,142545,8,0
2024-10-24,2715.84,2743.28,2715.06,2735.84,134445,8,0
2024-10-25,2735.46,2747.59,2716.98,2746.27,125146,8,0
2024-10-28,2732.1,2745.97,2724.7,2742.21,123437,8,0
2024-10-29,2741.48,2774.8,2739.82,2774.38,131909,8,0
2024-10-30,2773.31,2790.02,2770.67,2787.2,131518,8,0
2024-10-31,2786.9,2790.12,2731.26,2743.86,134712,8,0
2024-11-01,2743.95,2762.25,2732.97,2735.04,137317,8,0
2024-11-04,2736.26,2748.12,2729.59,2736.52,127803,8,0
2024-11-05,2737.74,2750.0,2724.7,2743.78,124292,8,0
2024-11-06,2742.42,2749.74,2652.48,2658.75,199150,8,0
2024-11-07,2659.91,2710.19,2643.12,2706.37,155485,8,0
2024-11-08,2704.29,2710.42,2680.25,2684.45,139655,8,0
2024-11-11,2684.58,2686.18,2610.62,2619.38,134725,8,0
2024-11-12,2620.08,2626.91,2589.4,2598.05,146132,8,0
2024-11-13,2598.13,2618.54,2572.53,2572.81,143267,8,0
2024-11-14,2571.89,2581.37,2536.57,2564.49,158701,8,0
2024-11-15,2564.89,2576.03,2554.27,2561.71,137021,8,0
2024-11-18,2567.63,2615.01,2566.51,2611.63,133404,8,0
2024-11-19,2611.03,2639.39,2610.37,2632.12,140766,8,0
2024-11-20,2632.12,2655.44,2618.58,2649.97,126907,8,0
2024-11-21,2650.75,2673.55,2648.79,2669.38,130775,8,0
2024-11-22,2669.85,2715.27,2668.15,2714.41,148837,8,0
2024-11-25,2706.4,2721.38,2615.66,2625.47,161708,8,0
2024-11-26,2626.21,2641.95,2605.04,2632.94,146837,8,0
2024-11-27,2631.09,2658.14,2626.94,2635.85,131890,8,0
2024-11-28,2635.77,2649.61,2620.8,2637.53,90449,8,0
2024-11-29,2638.53,2666.24,2633.85,2649.41,123022,8,0
2024-12-02,2650.08,2651.52,2621.59,2638.66,146308,5,0
2024-12-03,2638.64,2655.64,2633.85,2643.49,133886,8,0
2024-12-04,2642.93,2657.18,2632.19,2649.71,129923,8,0
2024-12-05,2649.02,2655.55,2623.57,2631.76,120172,8,0
2024-12-06,2631.93,2645.71,2613.09,2632.93,129440,5,0
2024-12-09,2646.71,2676.42,2627.44,2660.01,135696,8,0
2024-12-10,2660.88,2695.52,2657.83,2693.8,126874,8,0
2024-12-11,2693.45,2721.17,2675.32,2717.79,161516,5,0
2024-12-12,2716.91,2725.95,2674.95,2680.53,139105,8,0
2024-12-13,2680.83,2692.79,2646.04,2648.46,137356,8,0
2024-12-16,2649.55,2664.43,2643.38,2652.58,114818,8,0
2024-12-17,2652.32,2658.68,2632.91,2646.45,122849,8,0
2024-12-18,2646.36,2651.75,2583.6,2585.26,134682,8,0
2024-12-19,2583.64,2626.45,2582.57,2594.57,142108,8,0
2024-12-20,2594.77,2631.98,2589.71,2622.14,128582,8,0
2024-12-23,2624.24,2636.6,2608.11,2612.52,110598,8,0
2024-12-24,2612.62,2621.53,2610.04,2615.13,79779,9,0
2024-12-26,2615.63,2639.11,2614.13,2633.45,89673,9,0
2024-12-27,2632.68,2638.24,2611.71,2620.97,97229,9,0
2024-12-30,2619.8,2628.08,2596.07,2605.9,108249,5,0
2024-12-31,2606.02,2627.6,2602.48,2623.26,88746,9,0
2025-01-02,2624.91,2660.51,2621.58,2657.96,125109,8,0
2025-01-03,2657.53,2665.12,2636.65,2639.44,107842,8,0
2025-01-06,2641.41,2649.39,2614.28,2635.93,134127,8,0
2025-01-07,2636.16,2664.26,2632.87,2648.49,124350,8,0
2025-01-08,2648.43,2669.96,2645.28,2661.53,123415,8,0
2025-01-09,2661.56,2678.14,2655.35,2670.23,101027,8,0
2025-01-10,2670.21,2697.9,2663.88,2689.04,145658,8,0
2025-01-13,2688.79,2693.35,2656.66,2662.9,140088,8,0
2025-01-14,2663.22,2678.18,2659.81,2677.15,131971,5,0
2025-01-15,2678.09,2697.32,2669.26,2696.18,123644,8,0
2025-01-16,2694.43,2724.81,2689.8,2714.34,141237,5,0
2025-01-17,2714.05,2717.4,2699.2,2702.37,170199,8,0
2025-01-20,2702.37,2713.62,2689.34,2707.07,230220,5,0
2025-01-21,2706.81,2745.9,2702.88,2744.66,297093,5,0
2025-01-22,2744.8,2763.42,2741.89,2756.04,256945,8,0
2025-01-23,2755.7,2758.87,2735.73,2754.48,267994,8,0
2025-01-24,2754.8,2786.0,2753.43,2771.6,275955,5,0
2025-01-27,2767.59,2772.62,2730.31,2740.62,307285,8,0
2025-01-28,2740.74,2765.01,2734.69,2763.26,226129,8,0
2025-01-29,2762.92,2766.23,2744.83,2759.72,262457,8,0
2025-01-30,2759.22,2798.36,2757.88,2794.1,289388,8,0
2025-01-31,2794.98,2817.21,2790.84,2800.57,308232,8,0
2025-02-03,2802.07,2830.64,2772.07,2814.56,363075,5,0
2025-02-04,2813.06,2845.4,2807.17,2841.89,302851,5,0
2025-02-05,2840.9,2882.3,2839.61,2867.08,285881,5,0
2025-02-06,2867.46,2873.25,2833.96,2855.66,274979,8,0
2025-02-07,2855.86,2886.86,2852.17,2861.82,287867,5,0
2025-02-10,2855.81,2911.59,2855.7,2907.79,277141,8,0
2025-02-11,2907.56,2942.67,2881.34,2897.37,346110,8,0
2025-02-12,2897.08,2909.16,2864.16,2903.81,293131,5,0
2025-02-13,2904.35,2929.36,2900.52,2928.29,245298,8,0
2025-02-14,2928.13,2939.95,2876.72,2882.71,307790,5,0
2025-02-17,2885.9,2906.45,2878.44,2898.96,198127,8,0
2025-02-18,2898.6,2936.97,2891.78,2935.11,212319,8,0
2025-02-19,2934.34,2946.97,2918.47,2933.0,251027,8,0
2025-02-20,2933.35,2954.96,2924.08,2939.06,245105,8,0
2025-02-21,2938.17,2949.69,2916.63,2935.98,249991,5,0
2025-02-24,2934.27,2956.21,2921.06,2952.43,264146,5,0
2025-02-25,2952.94,2953.67,2887.84,2914.85,303710,5,0
2025-02-26,2915.2,2930.03,2890.76,2916.3,234560,5,0
2025-02-27,2916.74,2920.76,2867.72,2876.86,306113,5,0
2025-02-28,2877.32,2885.03,2832.46,2858.81,304711,5,0
2025-03-03,2860.06,2895.19,2858.63,2892.95,261999,8,0
2025-03-04,2891.94,2927.86,2881.87,2917.81,273718,8,0
2025-03-05,2917.48,2929.97,2894.29,2918.85,310739,5,0
2025-03-06,2918.78,2926.6,2890.99,2910.86,291280,5,0
2025-03-07,2911.6,2930.42,2896.93,2912.13,294848,5,0
2025-03-10,2911.56,2918.11,2880.14,2889.14,290818,5,0
2025-03-11,2888.09,2922.04,2879.82,2915.61,231808,5,0
2025-03-12,2915.62,2940.54,2905.92,2933.29,247871,5,0
2025-03-13,2933.5,2989.21,2932.66,2988.79,276377,8,0
2025-03-14,2988.26,3004.86,2978.25,2988.31,260112,8,0
2025-03-17,2984.59,3001.89,2982.26,3000.85,203476,8,0
2025-03-18,3001.38,3038.12,2999.38,3033.83,237593,5,0
2025-03-19,3033.92,3051.72,3022.47,3047.16,217778,10,0
2025-03-20,3048.55,3057.46,3025.77,3044.61,242134,10,0
2025-03-21,3044.78,3047.52,2999.08,3023.03,222899,5,0
2025-03-24,3023.82,3033.33,3002.44,3011.88,250223,5,0
2025-03-25,3011.05,3035.96,3007.39,3019.81,200871,10,0
2025-03-26,3019.47,3032.01,3012.0,3019.14,208480,11,0
2025-03-27,3019.31,3059.65,3017.53,3056.72,284033,5,0
2025-03-28,3055.9,3086.74,3054.15,3083.97,270998,5,0
2025-03-31,3087.9,3127.75,3076.67,3123.99,309745,5,0
2025-04-01,3124.73,3149.09,3100.6,3114.1,314693,5,0
2025-04-02,3114.01,3141.91,3105.06,3131.88,267932,0,0
2025-04-03,3131.52,3167.69,3053.97,3114.3,421321,0,0
2025-04-04,3114.01,3136.35,3015.68,3036.77,424460,5,0
2025-04-07,3028.8,3055.45,2956.46,2981.85,502426,5,0
2025-04-08,2982.28,3022.71,2974.77,2982.02,377483,5,0
2025-04-09,2983.85,3099.53,2970.02,3082.77,496510,5,0
2025-04-10,3080.68,3176.44,3071.36,3175.38,421932,5,0
2025-04-11,3176.87,3245.28,3175.95,3237.94,434730,5,0
2025-04-14,3219.1,3245.68,3193.65,3210.64,322743,5,0
2025-04-15,3211.66,3233.68,3209.76,3229.43,235349,10,0
2025-04-16,3230.45,3342.85,3229.68,3342.79,339784,5,0
2025-04-17,3343.17,3357.78,3283.79,3327.12,342010,5,0
2025-04-21,3331.29,3430.47,3328.88,3424.13,343310,5,0
2025-04-22,3423.66,3500.0,3366.71,3381.0,464446,5,0
2025-04-23,3321.96,3386.56,3259.88,3288.35,442477,5,0
2025-04-24,3290.74,3367.37,3290.74,3348.68,341901,5,0
2025-04-25,3354.47,3370.97,3264.97,3316.31,343704,5,0
2025-04-28,3329.58,3353.06,3267.98,3344.13,308431,5,0
2025-04-29,3345.19,3348.61,3299.42,3316.93,267480,10,0
2025-04-30,3315.82,3328.01,3266.58,3288.61,298518,5,0
2025-05-01,3287.66,3290.05,3201.65,3237.61,298175,5,0
2025-05-02,3240.73,3269.21,3222.53,3240.62,301934,5,0
2025-05-05,3241.79,3337.52,3237.66,3333.56,295050,10,0
2025-05-06,3335.68,3434.71,3323.09,3430.5,345338,5,0
2025-05-07,3425.84,3430.25,3360.0,3364.26,352958,5,0
2025-05-08,3366.96,3414.7,3288.51,3305.78,362423,5,0
2025-05-09,3307.84,3347.51,3274.72,3325.42,320884,5,0
2025-05-12,3287.71,3292.03,3207.71,3234.8,405069,5,0
2025-05-13,3238.96,3265.47,3215.51,3250.13,295713,5,0
2025-05-14,3252.02,3257.01,3167.64,3177.43,357591,5,0
2025-05-15,3178.06,3240.62,3120.34,3239.87,343346,5,0
2025-05-16,3239.29,3252.27,3154.12,3201.32,315510,5,0
2025-05-19,3211.78,3249.79,3206.23,3230.18,280677,5,0
2025-05-20,3228.87,3295.76,3204.47,3289.89,291932,5,0
2025-05-21,3291.3,3324.89,3285.1,3315.1,308049,5,0
2025-05-22,3319.25,3345.5,3279.01,3294.81,349016,5,0
2025-05-23,3295.46,3365.88,3286.83,3360.07,326662,5,0
2025-05-26,3352.87,3356.73,3323.56,3342.19,186419,5,0
2025-05-27,3343.32,3349.88,3285.04,3300.51,299711,5,0
2025-05-28,3301.67,3325.53,3276.28,3288.45,280712,5,0
2025-05-29,3286.59,3331.08,3245.44,3317.65,322529,5,0
2025-05-30,3319.51,3322.82,3271.18,3291.15,284918,5,0
2025-06-02,3298.03,3382.97,3298.03,3381.68,286524,5,0
2025-06-03,3383.66,3392.19,3333.16,3353.41,277391,5,0
2025-06-04,3355.56,3384.6,3343.43,3372.32,273007,5,0
2025-06-05,3373.13,3403.57,3339.11,3352.61,333363,5,0
2025-06-06,3354.47,3375.49,3307.09,3311.93,318876,5,0
2025-06-09,3315.33,3338.29,3293.22,3325.58,266051,5,0
2025-06-10,3326.92,3349.11,3301.72,3322.53,275179,5,0
2025-06-11,3321.42,3360.73,3315.52,3355.14,295542,5,0
2025-06-12,3358.36,3398.94,3338.74,3386.95,338813,5,0
2025-06-13,3386.13,3446.78,3379.7,3432.56,362201,5,0
2025-06-16,3442.76,3451.33,3382.46,3385.38,308071,5,0
2025-06-17,3386.4,3403.35,3366.23,3388.63,304431,5,0
2025-06-18,3392.22,3400.07,3362.41,3369.42,288134,5,0
2025-06-19,3370.71,3387.83,3347.29,3370.08,235870,5,0
2025-06-20,3369.16,3374.49,3340.04,3368.99,256907,5,0
2025-06-23,3391.29,3394.9,3347.09,3369.24,302961,5,0
2025-06-24,3368.31,3368.81,3295.34,3323.13,321247,5,0
2025-06-25,3324.06,3337.06,3311.79,3332.18,223257,8,0
2025-06-26,3334.67,3350.28,3309.51,3327.89,257354,8,0
2025-06-27,3327.17,3327.57,3255.55,3274.65,315940,5,0
2025-06-30,3280.46,3309.47,3246.27,3302.95,256130,5,0
2025-07-01,3303.12,3358.13,3302.35,3339.02,274159,7,0
2025-07-02,3337.59,3360.04,3327.54,3356.98,237266,5,0
2025-07-03,3358.87,3365.77,3311.39,3326.11,234378,5,0
2025-07-04,3326.22,3345.16,3323.61,3336.62,145561,5,0
2025-07-07,3337.33,3342.71,3296.5,3336.32,279867,5,0
2025-07-08,3339.55,3345.83,3286.69,3301.71,258981,5,0
2025-07-09,3302.93,3316.88,3282.4,3313.66,227181,8,0
2025-07-10,3314.02,3330.35,3310.17,3323.86,210306,8,0
2025-07-11,3325.14,3368.73,3321.92,3357.32,271227,8,0
2025-07-14,3362.94,3375.02,3341.1,3343.34,240529,5,0
2025-07-15,3342.78,3366.37,3320.28,3324.96,226909,5,0
2025-07-16,3324.02,3377.08,3319.38,3347.55,259472,5,0
2025-07-17,3349.52,3352.23,3309.6,3339.07,223884,5,0
2025-07-18,3339.57,3361.26,3331.73,3350.68,197047,8,0
2025-07-21,3348.84,3401.57,3344.94,3397.16,233514,5,0
2025-07-22,3398.33,3433.53,3383.37,3431.66,246785,5,0
2025-07-23,3431.25,3438.99,3381.14,3387.22,287536,5,0
2025-07-24,3389.65,3393.36,3351.0,3368.56,262895,8,0
2025-07-25,3368.42,3373.55,3325.05,3336.63,218360,5,0
2025-07-28,3329.34,3345.33,3301.35,3314.6,245346,8,0
2025-07-29,3313.86,3334.17,3307.7,3326.64,248272,8,0
2025-07-30,3326.82,3334.02,3267.95,3275.02,263196,5,0
2025-07-31,3275.29,3314.87,3273.9,3290.03,249831,5,0
2025-08-01,3289.89,3363.5,3281.43,3363.21,292386,5,0
2025-08-04,3364.55,3385.49,3344.93,3373.69,236116,8,0
2025-08-05,3374.31,3390.46,3349.8,3380.74,219560,5,0
2025-08-06,3380.91,3385.38,3358.06,3369.3,214519,8,0
2025-08-07,3370.56,3401.82,3365.23,3396.15,352739,5,0
2025-08-08,3401.26,3407.86,3374.65,3397.2,528460,5,0
2025-08-11,3403.61,3405.12,3341.02,3342.93,316556,8,0
2025-08-12,3342.83,3359.02,3330.81,3348.2,286663,5,0
2025-08-13,3349.76,3370.51,3342.47,3356.02,235963,5,0
2025-08-14,3357.18,3374.79,3329.74,3335.38,290373,5,0
2025-08-15,3337.02,3348.79,3332.33,3335.9,256479,8,0
2025-08-18,3336.39,3358.45,3323.5,3332.88,259104,8,0
2025-08-19,3333.77,3345.31,3314.84,3315.57,269303,8,0
2025-08-20,3316.5,3350.27,3311.42,3348.18,260546,8,0
2025-08-21,3350.09,3352.27,3325.04,3338.52,244782,8,0
2025-08-22,3339.07,3378.85,3321.29,3371.95,266931,5,0
2025-08-25,3371.25,3376.22,3359.51,3365.55,207454,8,0
2025-08-26,3366.54,3393.67,3351.37,3393.62,284744,8,0
2025-08-27,3394.1,3398.56,3373.51,3397.45,262897,8,0
2025-08-28,3398.31,3423.17,3384.36,3416.9,290867,8,0
2025-08-29,3416.67,3453.99,3404.16,3448.12,307982,8,0
2025-09-01,3444.29,3489.93,3437.04,3476.31,297163,5,0
2025-09-02,3474.73,3540.0,3470.04,3533.33,421879,5,0
2025-09-03,3530.61,3578.42,3526.35,3559.2,333719,8,0
2025-09-04,3559.97,3564.15,3511.13,3545.75,384847,5,0
2025-09-05,3543.92,3600.0,3540.13,3587.32,406864,5,0
2025-09-08,3583.72,3646.5,3579.47,3636.01,413197,5,0
2025-09-09,3634.8,3674.85,3625.84,3626.21,415500,8,0
2025-09-10,3625.04,3657.55,3620.13,3640.5,364608,8,0
2025-09-11,3642.71,3649.2,3612.31,3633.81,352259,5,0
2025-09-12,3634.23,3656.7,3630.44,3643.41,326565,5,0
2025-09-15,3644.67,3685.52,3626.51,3678.89,350177,8,0
2025-09-16,3680.72,3703.04,3674.43,3689.89,363023,8,0
2025-09-17,3689.58,3707.42,3646.13,3659.92,391050,5,0
2025-09-18,3660.82,3672.99,3627.74,3644.39,384618,5,0
2025-09-19,3643.29,3685.25,3632.18,3685.03,359978,8,0
2025-09-22,3684.78,3748.9,3683.66,3746.87,381047,8,0
2025-09-23,3745.19,3791.14,3736.41,3764.04,427375,5,0
2025-09-24,3766.03,3779.23,3717.39,3736.08,387533,5,0
2025-09-25,3738.94,3761.7,3722.09,3749.4,414185,5,0
2025-09-26,3748.66,3783.78,3734.44,3761.24,388455,8,0
2025-09-29,3760.57,3834.18,3760.43,3833.78,470432,8,0
2025-09-30,3830.94,3871.78,3793.07,3858.25,446590,5,0
2025-10-01,3857.44,3895.28,3853.23,3865.49,444814,5,0
2025-10-02,3869.01,3896.91,3819.06,3856.14,411525,5,0
2025-10-03,3857.01,3891.76,3837.94,3886.75,404988,5,0
2025-10-06,3886.14,3970.07,3884.24,3961.04,477288,5,0
2025-10-07,3958.39,3991.11,3940.64,3984.54,485791,8,0
2025-10-08,3984.64,4059.15,3983.52,4041.67,474958,5,0
2025-10-09,4040.39,4057.97,3944.39,3976.03,554141,5,0
2025-10-10,3979.47,4022.94,3946.64,4018.46,568065,5,0
2025-10-13,4012.06,4116.9,4007.39,4110.6,491771,5,0
2025-10-14,4110.64,4179.75,4090.39,4142.15,591017,5,0
2025-10-15,4143.01,4218.33,4140.75,4208.27,500697,5,0
2025-10-16,4209.54,4330.75,4199.93,4326.25,520381,5,0
2025-10-17,4335.41,4379.26,4186.05,4246.86,652357,5,0
2025-10-20,4243.5,4381.38,4218.95,4356.45,547128,5,0
2025-10-21,4358.7,4375.35,4081.34,4124.93,617416,5,0
2025-10-22,4125.52,4161.5,4004.06,4098.23,643928,5,0
2025-10-23,4104.99,4154.9,4066.18,4126.0,545004,5,0
2025-10-24,4128.98,4144.39,4043.87,4112.84,502537,5,0
2025-10-27,4076.86,4109.12,3971.27,3981.35,552016,5,0
2025-10-28,3980.96,4019.73,3886.62,3952.47,539217,5,0
2025-10-29,3955.53,4030.32,3915.51,3930.47,544277,5,0
2025-10-30,3926.48,4027.14,3915.3,4024.17,552707,5,0
2025-10-31,4022.54,4046.2,3972.24,4003.18,506387,5,0
2025-11-03,3983.73,4030.55,3962.52,4001.2,442953,5,0
2025-11-04,4002.42,4005.75,3928.48,3931.75,455110,5,0
2025-11-05,3933.71,3990.49,3929.51,3979.24,388274,5,0
2025-11-06,3977.21,4019.63,3964.48,3976.79,398591,5,0
2025-11-07,3975.12,4027.5,3974.85,4001.15,366205,8,0
2025-11-10,3999.21,4116.67,3999.0,4115.96,421754,5,0
2025-11-11,4116.61,4149.0,4096.93,4126.97,430572,5,0
2025-11-12,4129.54,4211.77,4098.69,4195.61,507926,6,0
2025-11-13,4203.15,4245.12,4145.31,4171.32,543326,5,0
2025-11-14,4172.25,4211.27,4032.11,4084.72,548178,5,0
2025-11-17,4082.52,4106.61,4006.82,4045.52,480241,5,0
2025-11-18,4051.34,4082.3,3997.7,4067.63,488075,5,0
2025-11-19,4068.81,4132.81,4055.57,4077.97,481552,5,0
2025-11-20,4080.02,4110.07,4038.76,4077.26,526822,5,0
2025-11-21,4074.6,4101.22,4022.26,4065.8,529064,5,0
2025-11-24,4068.96,4139.99,4039.89,4134.78,427655,5,0
2025-11-25,4133.73,4159.32,4109.47,4130.59,478469,5,0
2025-11-26,4132.59,4173.55,4129.66,4163.91,414043,5,0
2025-11-27,4165.09,4168.78,4142.53,4157.45,311050,10,0
2025-11-28,4159.71,4226.82,4152.58,4217.36,328014,5,0
2025-12-01,4229.15,4264.59,4205.56,4232.16,539807,10,0
